,County,2018 Personal Income Per Capita,State
2,Autauga,41618.0,Alabama
3,Baldwin,45596.0,Alabama
4,Barbour,35199.0,Alabama
5,Bibb,30254.0,Alabama
6,Blount,34976.0,Alabama
7,Bullock,28797.0,Alabama
8,Butler,36450.0,Alabama
9,Calhoun,37120.0,Alabama
10,Chambers,33859.0,Alabama
11,Cherokee,35505.0,Alabama
12,Chilton,34798.0,Alabama
13,Choctaw,39280.0,Alabama
14,Clarke,36361.0,Alabama
15,Clay,33530.0,Alabama
16,Cleburne,36159.0,Alabama
17,Coffee,43094.0,Alabama
18,Colbert,38378.0,Alabama
19,Conecuh,32656.0,Alabama
20,Coosa,31328.0,Alabama
21,Covington,35651.0,Alabama
22,Crenshaw,36645.0,Alabama
23,Cullman,39607.0,Alabama
24,Dale,36613.0,Alabama
25,Dallas,36026.0,Alabama
26,DeKalb,31916.0,Alabama
27,Elmore,42269.0,Alabama
28,Escambia,32996.0,Alabama
29,Etowah,36918.0,Alabama
30,Fayette,34966.0,Alabama
31,Franklin,34318.0,Alabama
32,Geneva,35192.0,Alabama
33,Greene,32359.0,Alabama
34,Hale,36585.0,Alabama
35,Henry,40360.0,Alabama
36,Houston,42398.0,Alabama
37,Jackson,36567.0,Alabama
38,Jefferson,54730.0,Alabama
39,Lamar,33496.0,Alabama
40,Lauderdale,37151.0,Alabama
41,Lawrence,34125.0,Alabama
42,Lee,38036.0,Alabama
43,Limestone,42546.0,Alabama
44,Lowndes,38991.0,Alabama
45,Macon,32919.0,Alabama
46,Madison,51445.0,Alabama
47,Marengo,39801.0,Alabama
48,Marion,33264.0,Alabama
49,Marshall,36044.0,Alabama
50,Mobile,38243.0,Alabama
51,Monroe,33456.0,Alabama
52,Montgomery,43688.0,Alabama
53,Morgan,39991.0,Alabama
54,Perry,30535.0,Alabama
55,Pickens,32551.0,Alabama
56,Pike,37359.0,Alabama
57,Randolph,32411.0,Alabama
58,Russell,33104.0,Alabama
59,St. Clair,38569.0,Alabama
60,Shelby,54369.0,Alabama
61,Sumter,31664.0,Alabama
62,Talladega,34718.0,Alabama
63,Tallapoosa,40696.0,Alabama
64,Tuscaloosa,38822.0,Alabama
65,Walker,40197.0,Alabama
66,Washington,36323.0,Alabama
67,Wilcox,32215.0,Alabama
68,Winston,35430.0,Alabama
71,Aleutians East Borough,56676.0,Alaska
72,Aleutians West Census Area,54385.0,Alaska
73,Anchorage Municipality,66510.0,Alaska
74,Bethel Census Area,43500.0,Alaska
75,Bristol Bay Borough,143575.0,Alaska
76,Denali Borough,82919.0,Alaska
77,Dillingham Census Area,59621.0,Alaska
78,Fairbanks North Star Borough,56606.0,Alaska
79,Haines Borough,67059.0,Alaska
80,Hoonah-Angoon Census Area,61752.0,Alaska
81,Juneau City and Borough,68145.0,Alaska
82,Kenai Peninsula Borough,52015.0,Alaska
83,Ketchikan Gateway Borough,67602.0,Alaska
84,Kodiak Island Borough,63938.0,Alaska
85,Kusilvak Census Area,30099.0,Alaska
86,Lake and Peninsula Borough,65414.0,Alaska
87,Matanuska-Susitna Borough,45897.0,Alaska
88,Nome Census Area,51378.0,Alaska
89,North Slope Borough,83489.0,Alaska
90,Northwest Arctic Borough,47854.0,Alaska
91,Petersburg Borough,69995.0,Alaska
92,Prince of Wales-Hyder Census Area,43707.0,Alaska
93,Sitka City and Borough,71972.0,Alaska
94,Skagway Municipality,81471.0,Alaska
95,Southeast Fairbanks Census Area,49398.0,Alaska
96,Valdez-Cordova Census Area,62307.0,Alaska
97,Wrangell City and Borough,47658.0,Alaska
98,Yakutat City and Borough,58937.0,Alaska
99,Yukon-Koyukuk Census Area,59010.0,Alaska
102,Apache,34355.0,Arizona
103,Cochise,40308.0,Arizona
104,Coconino,48129.0,Arizona
105,Gila,40267.0,Arizona
106,Graham,31597.0,Arizona
107,Greenlee,39855.0,Arizona
108,La Paz,30948.0,Arizona
109,Maricopa,47694.0,Arizona
110,Mohave,33148.0,Arizona
111,Navajo,32165.0,Arizona
112,Pima,44028.0,Arizona
113,Pinal,30644.0,Arizona
114,Santa Cruz,39057.0,Arizona
115,Yavapai,40312.0,Arizona
116,Yuma,35682.0,Arizona
120,Ashley,34813.0,Arkansas
121,Baxter,37106.0,Arkansas
122,Benton,88890.0,Arkansas
123,Boone,36089.0,Arkansas
124,Bradley,39491.0,Arkansas
125,Calhoun,34426.0,Arkansas
126,Carroll,33690.0,Arkansas
127,Chicot,36293.0,Arkansas
128,Clark,36314.0,Arkansas
129,Clay,34149.0,Arkansas
130,Cleburne,38307.0,Arkansas
131,Cleveland,40344.0,Arkansas
132,Columbia,38749.0,Arkansas
133,Conway,38191.0,Arkansas
134,Craighead,37531.0,Arkansas
135,Crawford,32952.0,Arkansas
136,Crittenden,36978.0,Arkansas
137,Cross,35949.0,Arkansas
138,Dallas,34645.0,Arkansas
139,Desha,37828.0,Arkansas
140,Drew,37148.0,Arkansas
141,Faulkner,37598.0,Arkansas
142,Franklin,34275.0,Arkansas
143,Fulton,28994.0,Arkansas
144,Garland,40004.0,Arkansas
145,Grant,38201.0,Arkansas
146,Greene,34895.0,Arkansas
147,Hempstead,32515.0,Arkansas
148,Hot Spring,30580.0,Arkansas
149,Howard,35292.0,Arkansas
150,Independence,35086.0,Arkansas
151,Izard,30608.0,Arkansas
152,Jackson,35880.0,Arkansas
153,Jefferson,35356.0,Arkansas
154,Johnson,28970.0,Arkansas
155,Lafayette,36292.0,Arkansas
156,Lawrence,35126.0,Arkansas
157,Lee,27619.0,Arkansas
158,Lincoln,27002.0,Arkansas
159,Little River,34086.0,Arkansas
160,Logan,34490.0,Arkansas
161,Lonoke,38764.0,Arkansas
162,Madison,35496.0,Arkansas
163,Marion,30743.0,Arkansas
164,Miller,33401.0,Arkansas
165,Mississippi,31428.0,Arkansas
166,Monroe,32651.0,Arkansas
167,Montgomery,30834.0,Arkansas
168,Nevada,34180.0,Arkansas
169,Newton,28808.0,Arkansas
170,Ouachita,36907.0,Arkansas
171,Perry,34877.0,Arkansas
172,Phillips,31128.0,Arkansas
173,Pike,33113.0,Arkansas
174,Poinsett,32315.0,Arkansas
175,Polk,30751.0,Arkansas
176,Pope,35261.0,Arkansas
177,Prairie,35935.0,Arkansas
178,Pulaski,51185.0,Arkansas
179,Randolph,33486.0,Arkansas
180,St. Francis,27948.0,Arkansas
181,Saline,41397.0,Arkansas
182,Scott,31401.0,Arkansas
183,Searcy,28511.0,Arkansas
184,Sebastian,42110.0,Arkansas
185,Sevier,31436.0,Arkansas
186,Sharp,32012.0,Arkansas
187,Stone,31086.0,Arkansas
188,Union,46474.0,Arkansas
189,Van Buren,31176.0,Arkansas
190,Washington,40247.0,Arkansas
191,White,35445.0,Arkansas
192,Woodruff,37545.0,Arkansas
193,Yell,33320.0,Arkansas
196,Alameda,76644.0,California
197,Alpine,73307.0,California
198,Amador,44793.0,California
199,Butte,44346.0,California
200,Calaveras,49893.0,California
201,Colusa,49094.0,California
202,Contra Costa,82506.0,California
203,Del Norte,37268.0,California
204,El Dorado,67464.0,California
205,Fresno,43084.0,California
206,Glenn,48613.0,California
207,Humboldt,48739.0,California
208,Imperial,36974.0,California
209,Inyo,61358.0,California
210,Kern,39703.0,California
211,Kings,35306.0,California
212,Lake,43185.0,California
213,Lassen,37844.0,California
214,Los Angeles,62224.0,California
215,Madera,39897.0,California
216,Marin,134275.0,California
217,Mariposa,53143.0,California
218,Mendocino,50150.0,California
219,Merced,38519.0,California
220,Modoc,44822.0,California
221,Mono,51325.0,California
222,Monterey,56193.0,California
223,Napa,74984.0,California
224,Nevada,61799.0,California
225,Orange,69268.0,California
226,Placer,66700.0,California
227,Plumas,53599.0,California
228,Riverside,40637.0,California
229,Sacramento,52544.0,California
230,San Benito,53822.0,California
231,San Bernardino,40316.0,California
232,San Diego,61386.0,California
233,San Francisco,130696.0,California
234,San Joaquin,44995.0,California
235,San Luis Obispo,58491.0,California
236,San Mateo,126392.0,California
237,Santa Barbara,62690.0,California
238,Santa Clara,107877.0,California
239,Santa Cruz,69355.0,California
240,Shasta,46582.0,California
241,Sierra,46615.0,California
242,Siskiyou,45065.0,California
243,Solano,51664.0,California
244,Sonoma,64501.0,California
245,Stanislaus,44120.0,California
246,Sutter,44535.0,California
247,Tehama,42483.0,California
248,Trinity,40640.0,California
249,Tulare,40420.0,California
250,Tuolumne,47838.0,California
251,Ventura,61712.0,California
252,Yolo,54118.0,California
253,Yuba,40929.0,California
256,Adams,43315.0,Colorado
257,Alamosa,37351.0,Colorado
258,Arapahoe,60180.0,Colorado
259,Archuleta,41947.0,Colorado
260,Baca,40968.0,Colorado
261,Bent,27574.0,Colorado
262,Boulder,73394.0,Colorado
263,Broomfield,66410.0,Colorado
264,Chaffee,46998.0,Colorado
265,Cheyenne,56699.0,Colorado
266,Clear Creek,61300.0,Colorado
267,Conejos,36894.0,Colorado
268,Costilla,34282.0,Colorado
269,Crowley,19141.0,Colorado
270,Custer,41681.0,Colorado
271,Delta,38855.0,Colorado
272,Denver,79849.0,Colorado
273,Dolores,34935.0,Colorado
274,Douglas,73662.0,Colorado
275,Eagle,78152.0,Colorado
276,Elbert,57334.0,Colorado
277,El Paso,48467.0,Colorado
278,Fremont,35435.0,Colorado
279,Garfield,59653.0,Colorado
280,Gilpin,48128.0,Colorado
281,Grand,49845.0,Colorado
282,Gunnison,47149.0,Colorado
283,Hinsdale,50698.0,Colorado
284,Huerfano,42459.0,Colorado
285,Jackson,49723.0,Colorado
286,Jefferson,63536.0,Colorado
287,Kiowa,50117.0,Colorado
288,Kit Carson,37274.0,Colorado
289,Lake,37106.0,Colorado
290,La Plata,55807.0,Colorado
291,Larimer,54188.0,Colorado
292,Las Animas,40765.0,Colorado
293,Lincoln,28828.0,Colorado
294,Logan,48161.0,Colorado
295,Mesa,44935.0,Colorado
296,Mineral,71095.0,Colorado
297,Moffat,42130.0,Colorado
298,Montezuma,42998.0,Colorado
299,Montrose,39930.0,Colorado
300,Morgan,45685.0,Colorado
301,Otero,38190.0,Colorado
302,Ouray,59639.0,Colorado
303,Park,45113.0,Colorado
304,Phillips,44399.0,Colorado
305,Pitkin,149207.0,Colorado
306,Prowers,42259.0,Colorado
307,Pueblo,39511.0,Colorado
308,Rio Blanco,46809.0,Colorado
309,Rio Grande,46717.0,Colorado
310,Routt,83702.0,Colorado
311,Saguache,30172.0,Colorado
312,San Juan,44029.0,Colorado
313,San Miguel,85432.0,Colorado
314,Sedgwick,49004.0,Colorado
315,Summit,67763.0,Colorado
316,Teller,49197.0,Colorado
317,Washington,44687.0,Colorado
318,Weld,46172.0,Colorado
319,Yuma,50364.0,Colorado
322,Fairfield,120630.0,Connecticut
323,Hartford,64853.0,Connecticut
324,Litchfield,64949.0,Connecticut
325,Middlesex,68673.0,Connecticut
326,New Haven,56650.0,Connecticut
327,New London,59264.0,Connecticut
328,Tolland,56614.0,Connecticut
329,Windham,47264.0,Connecticut
332,Kent,42023.0,Delaware
333,New Castle,56745.0,Delaware
334,Sussex,50333.0,Delaware
339,Alachua,44390.0,Florida
340,Baker,32313.0,Florida
341,Bay,43231.0,Florida
342,Bradford,33557.0,Florida
343,Brevard,45425.0,Florida
344,Broward,50269.0,Florida
345,Calhoun,26873.0,Florida
346,Charlotte,41564.0,Florida
347,Citrus,37920.0,Florida
348,Clay,42909.0,Florida
349,Collier,92686.0,Florida
350,Columbia,35074.0,Florida
351,DeSoto,23610.0,Florida
352,Dixie,27956.0,Florida
353,Duval,46174.0,Florida
354,Escambia,42537.0,Florida
355,Flagler,46220.0,Florida
356,Franklin,35988.0,Florida
357,Gadsden,35139.0,Florida
358,Gilchrist,33774.0,Florida
359,Glades,24467.0,Florida
360,Gulf,35701.0,Florida
361,Hamilton,26016.0,Florida
362,Hardee,28285.0,Florida
363,Hendry,31071.0,Florida
364,Hernando,36878.0,Florida
365,Highlands,33453.0,Florida
366,Hillsborough,47000.0,Florida
367,Holmes,30468.0,Florida
368,Indian River,76059.0,Florida
369,Jackson,32106.0,Florida
370,Jefferson,40736.0,Florida
371,Lafayette,24148.0,Florida
372,Lake,42190.0,Florida
373,Lee,51266.0,Florida
374,Leon,44482.0,Florida
375,Levy,35204.0,Florida
376,Liberty,23582.0,Florida
377,Madison,31675.0,Florida
378,Manatee,47378.0,Florida
379,Marion,36997.0,Florida
380,Martin,83873.0,Florida
381,Miami-Dade,50022.0,Florida
382,Monroe,92119.0,Florida
383,Nassau,57877.0,Florida
384,Okaloosa,48875.0,Florida
385,Okeechobee,30661.0,Florida
386,Orange,44647.0,Florida
387,Osceola,33346.0,Florida
388,Palm Beach,79760.0,Florida
389,Pasco,40313.0,Florida
390,Pinellas,53455.0,Florida
391,Polk,35463.0,Florida
392,Putnam,31773.0,Florida
393,St. Johns,68149.0,Florida
394,St. Lucie,39374.0,Florida
395,Santa Rosa,44527.0,Florida
396,Sarasota,64868.0,Florida
397,Seminole,49049.0,Florida
398,Sumter,46100.0,Florida
399,Suwannee,33068.0,Florida
400,Taylor,30346.0,Florida
401,Union,22227.0,Florida
402,Volusia,42374.0,Florida
403,Wakulla,37026.0,Florida
404,Walton,59728.0,Florida
405,Washington,29414.0,Florida
408,Appling,33268.0,Georgia
409,Atkinson,30511.0,Georgia
410,Bacon,33080.0,Georgia
411,Baker,38666.0,Georgia
412,Baldwin,33203.0,Georgia
413,Banks,36276.0,Georgia
414,Barrow,36898.0,Georgia
415,Bartow,38298.0,Georgia
416,Ben Hill,31436.0,Georgia
417,Berrien,31535.0,Georgia
418,Bibb,41709.0,Georgia
419,Bleckley,33672.0,Georgia
420,Brantley,27413.0,Georgia
421,Brooks,34944.0,Georgia
422,Bryan,52456.0,Georgia
423,Bulloch,32382.0,Georgia
424,Burke,35524.0,Georgia
425,Butts,34297.0,Georgia
426,Calhoun,24638.0,Georgia
427,Camden,36113.0,Georgia
428,Candler,31385.0,Georgia
429,Carroll,38571.0,Georgia
430,Catoosa,35158.0,Georgia
431,Charlton,24976.0,Georgia
432,Chatham,47563.0,Georgia
433,Chattahoochee,31115.0,Georgia
434,Chattooga,30946.0,Georgia
435,Cherokee,51137.0,Georgia
436,Clarke,33970.0,Georgia
437,Clay,31520.0,Georgia
438,Clayton,28020.0,Georgia
439,Clinch,37548.0,Georgia
440,Cobb,57162.0,Georgia
441,Coffee,32644.0,Georgia
442,Colquitt,32526.0,Georgia
443,Columbia,49473.0,Georgia
444,Cook,32524.0,Georgia
445,Coweta,46438.0,Georgia
446,Crawford,33784.0,Georgia
447,Crisp,32540.0,Georgia
448,Dade,35640.0,Georgia
449,Dawson,45201.0,Georgia
450,Decatur,36150.0,Georgia
451,DeKalb,50871.0,Georgia
452,Dodge,30682.0,Georgia
453,Dooly,28297.0,Georgia
454,Dougherty,34744.0,Georgia
455,Douglas,35230.0,Georgia
456,Early,38945.0,Georgia
457,Echols,27880.0,Georgia
458,Effingham,41942.0,Georgia
459,Elbert,35448.0,Georgia
460,Emanuel,32187.0,Georgia
461,Evans,35212.0,Georgia
462,Fannin,35727.0,Georgia
463,Fayette,63515.0,Georgia
464,Floyd,38524.0,Georgia
465,Forsyth,62580.0,Georgia
466,Franklin,36672.0,Georgia
467,Fulton,84386.0,Georgia
468,Gilmer,35419.0,Georgia
469,Glascock,33931.0,Georgia
470,Glynn,46073.0,Georgia
471,Gordon,36947.0,Georgia
472,Grady,34899.0,Georgia
473,Greene,55396.0,Georgia
474,Gwinnett,41458.0,Georgia
475,Habersham,33925.0,Georgia
476,Hall,43701.0,Georgia
477,Hancock,29917.0,Georgia
478,Haralson,36508.0,Georgia
479,Harris,47469.0,Georgia
480,Hart,38125.0,Georgia
481,Heard,31144.0,Georgia
482,Henry,39184.0,Georgia
483,Houston,42625.0,Georgia
484,Irwin,32824.0,Georgia
485,Jackson,42211.0,Georgia
486,Jasper,40606.0,Georgia
487,Jeff Davis,29943.0,Georgia
488,Jefferson,34034.0,Georgia
489,Jenkins,29250.0,Georgia
490,Johnson,26195.0,Georgia
491,Jones,37618.0,Georgia
492,Lamar,33079.0,Georgia
493,Lanier,27561.0,Georgia
494,Laurens,37372.0,Georgia
495,Lee,47258.0,Georgia
496,Liberty,35805.0,Georgia
497,Lincoln,37333.0,Georgia
498,Long,27071.0,Georgia
499,Lowndes,37443.0,Georgia
500,Lumpkin,37427.0,Georgia
501,McDuffie,36982.0,Georgia
502,McIntosh,29519.0,Georgia
503,Macon,31028.0,Georgia
504,Madison,36557.0,Georgia
505,Marion,29333.0,Georgia
506,Meriwether,34847.0,Georgia
507,Miller,40826.0,Georgia
508,Mitchell,35069.0,Georgia
509,Monroe,44790.0,Georgia
510,Montgomery,29408.0,Georgia
511,Morgan,50541.0,Georgia
512,Murray,29968.0,Georgia
513,Muscogee,44149.0,Georgia
514,Newton,33750.0,Georgia
515,Oconee,66740.0,Georgia
516,Oglethorpe,37709.0,Georgia
517,Paulding,37727.0,Georgia
518,Peach,38066.0,Georgia
519,Pickens,47887.0,Georgia
520,Pierce,36065.0,Georgia
521,Pike,39851.0,Georgia
522,Polk,32368.0,Georgia
523,Pulaski,30358.0,Georgia
524,Putnam,41839.0,Georgia
525,Quitman,30902.0,Georgia
526,Rabun,41128.0,Georgia
527,Randolph,33238.0,Georgia
528,Richmond,38196.0,Georgia
529,Rockdale,35244.0,Georgia
530,Schley,30931.0,Georgia
531,Screven,35010.0,Georgia
532,Seminole,40217.0,Georgia
533,Spalding,34772.0,Georgia
534,Stephens,38915.0,Georgia
535,Stewart,22771.0,Georgia
536,Sumter,35847.0,Georgia
537,Talbot,34504.0,Georgia
538,Taliaferro,33927.0,Georgia
539,Tattnall,28406.0,Georgia
540,Taylor,30141.0,Georgia
541,Telfair,20923.0,Georgia
542,Terrell,40325.0,Georgia
543,Thomas,44355.0,Georgia
544,Tift,37805.0,Georgia
545,Toombs,35517.0,Georgia
546,Towns,37858.0,Georgia
547,Treutlen,30119.0,Georgia
548,Troup,36476.0,Georgia
549,Turner,34396.0,Georgia
550,Twiggs,39530.0,Georgia
551,Union,36581.0,Georgia
552,Upson,35133.0,Georgia
553,Walker,32826.0,Georgia
554,Walton,40458.0,Georgia
555,Ware,33906.0,Georgia
556,Warren,34598.0,Georgia
557,Washington,35296.0,Georgia
558,Wayne,31954.0,Georgia
559,Webster,33109.0,Georgia
560,Wheeler,19631.0,Georgia
561,White,34961.0,Georgia
562,Whitfield,38752.0,Georgia
563,Wilcox,26712.0,Georgia
564,Wilkes,39472.0,Georgia
565,Wilkinson,35204.0,Georgia
566,Worth,34380.0,Georgia
570,Honolulu,59608.0,Hawaii
571,Kauai,49416.0,Hawaii
572,Maui + Kalawao,49040.0,Hawaii
575,Ada,52958.0,Idaho
576,Adams,37452.0,Idaho
577,Bannock,38160.0,Idaho
578,Bear Lake,38493.0,Idaho
579,Benewah,37383.0,Idaho
580,Bingham,36335.0,Idaho
581,Blaine,113780.0,Idaho
582,Boise,43392.0,Idaho
583,Bonner,41209.0,Idaho
584,Bonneville,48287.0,Idaho
585,Boundary,36934.0,Idaho
586,Butte,38961.0,Idaho
587,Camas,38600.0,Idaho
588,Canyon,32680.0,Idaho
589,Caribou,39146.0,Idaho
590,Cassia,45220.0,Idaho
591,Clark,39408.0,Idaho
592,Clearwater,34506.0,Idaho
593,Custer,43185.0,Idaho
594,Elmore,36855.0,Idaho
595,Franklin,36064.0,Idaho
596,Fremont (includes Yellowstone National Park),36908.0,Idaho
597,Gem,37796.0,Idaho
598,Gooding,52875.0,Idaho
600,Jefferson,34900.0,Idaho
601,Jerome,38184.0,Idaho
602,Kootenai,44987.0,Idaho
603,Latah,41341.0,Idaho
604,Lemhi,41565.0,Idaho
605,Lewis,47267.0,Idaho
606,Lincoln,34821.0,Idaho
607,Madison,26407.0,Idaho
608,Minidoka,38159.0,Idaho
609,Nez Perce,44397.0,Idaho
610,Oneida,35234.0,Idaho
611,Owyhee,33372.0,Idaho
612,Payette,38933.0,Idaho
613,Power,36667.0,Idaho
614,Shoshone,35537.0,Idaho
615,Teton,39858.0,Idaho
616,Twin Falls,39623.0,Idaho
617,Valley,49630.0,Idaho
618,Washington,36225.0,Idaho
621,Adams,46886.0,Illinois
622,Alexander,34713.0,Illinois
623,Bond,37653.0,Illinois
624,Boone,47437.0,Illinois
625,Brown,35166.0,Illinois
626,Bureau,43931.0,Illinois
627,Calhoun,42511.0,Illinois
628,Carroll,42399.0,Illinois
629,Cass,42649.0,Illinois
630,Champaign,45328.0,Illinois
631,Christian,41724.0,Illinois
632,Clark,43012.0,Illinois
633,Clay,40351.0,Illinois
634,Clinton,48253.0,Illinois
635,Coles,40995.0,Illinois
636,Cook,62205.0,Illinois
637,Crawford,48332.0,Illinois
638,Cumberland,43778.0,Illinois
639,DeKalb,40929.0,Illinois
640,De Witt,47205.0,Illinois
641,Douglas,51537.0,Illinois
642,DuPage,72889.0,Illinois
643,Edgar,42184.0,Illinois
644,Edwards,40331.0,Illinois
645,Effingham,50599.0,Illinois
646,Fayette,35456.0,Illinois
647,Ford,52879.0,Illinois
648,Franklin,37355.0,Illinois
649,Fulton,38361.0,Illinois
650,Gallatin,44602.0,Illinois
651,Greene,36912.0,Illinois
652,Grundy,51657.0,Illinois
653,Hamilton,43349.0,Illinois
654,Hancock,46081.0,Illinois
655,Hardin,37155.0,Illinois
656,Henderson,41951.0,Illinois
657,Henry,45072.0,Illinois
658,Iroquois,43258.0,Illinois
659,Jackson,37284.0,Illinois
660,Jasper,45961.0,Illinois
661,Jefferson,39581.0,Illinois
662,Jersey,41522.0,Illinois
663,Jo Daviess,49061.0,Illinois
664,Johnson,35956.0,Illinois
665,Kane,51333.0,Illinois
666,Kankakee,41290.0,Illinois
667,Kendall,49033.0,Illinois
668,Knox,39471.0,Illinois
669,Lake,78559.0,Illinois
670,LaSalle,44632.0,Illinois
671,Lawrence,29911.0,Illinois
672,Lee,41788.0,Illinois
673,Livingston,44775.0,Illinois
674,Logan,38339.0,Illinois
675,McDonough,38692.0,Illinois
676,McHenry,55720.0,Illinois
677,McLean,49180.0,Illinois
678,Macon,48214.0,Illinois
679,Macoupin,41607.0,Illinois
680,Madison,46890.0,Illinois
681,Marion,43059.0,Illinois
682,Marshall,46015.0,Illinois
683,Mason,42510.0,Illinois
684,Massac,38360.0,Illinois
685,Menard,47233.0,Illinois
686,Mercer,45046.0,Illinois
687,Monroe,58686.0,Illinois
688,Montgomery,37717.0,Illinois
689,Morgan,41359.0,Illinois
690,Moultrie,62718.0,Illinois
691,Ogle,46755.0,Illinois
692,Peoria,51135.0,Illinois
693,Perry,38369.0,Illinois
694,Piatt,54258.0,Illinois
695,Pike,42768.0,Illinois
696,Pope,30306.0,Illinois
697,Pulaski,36146.0,Illinois
698,Putnam,58869.0,Illinois
699,Randolph,36905.0,Illinois
700,Richland,42555.0,Illinois
701,Rock Island,44802.0,Illinois
702,St. Clair,45061.0,Illinois
703,Saline,39687.0,Illinois
704,Sangamon,48891.0,Illinois
705,Schuyler,44200.0,Illinois
706,Scott,42720.0,Illinois
707,Shelby,41512.0,Illinois
708,Stark,42877.0,Illinois
709,Stephenson,42722.0,Illinois
710,Tazewell,47862.0,Illinois
711,Union,42760.0,Illinois
712,Vermilion,39481.0,Illinois
713,Wabash,43571.0,Illinois
714,Warren,41274.0,Illinois
715,Washington,51144.0,Illinois
716,Wayne,41164.0,Illinois
717,White,49605.0,Illinois
718,Whiteside,44016.0,Illinois
719,Will,52953.0,Illinois
720,Williamson,44509.0,Illinois
721,Winnebago,43742.0,Illinois
722,Woodford,52928.0,Illinois
725,Adams,39167.0,Indiana
726,Allen,46288.0,Indiana
727,Bartholomew,49922.0,Indiana
728,Benton,42775.0,Indiana
729,Blackford,37677.0,Indiana
730,Boone,73531.0,Indiana
731,Brown,46785.0,Indiana
732,Carroll,44201.0,Indiana
733,Cass,38788.0,Indiana
734,Clark,43763.0,Indiana
735,Clay,38615.0,Indiana
736,Clinton,39172.0,Indiana
737,Crawford,33483.0,Indiana
738,Daviess,42064.0,Indiana
739,Dearborn,47454.0,Indiana
740,Decatur,42733.0,Indiana
741,DeKalb,44069.0,Indiana
742,Delaware,37201.0,Indiana
743,Dubois,56488.0,Indiana
744,Elkhart,46816.0,Indiana
745,Fayette,40939.0,Indiana
746,Floyd,55480.0,Indiana
747,Fountain,41010.0,Indiana
748,Franklin,46629.0,Indiana
749,Fulton,41437.0,Indiana
750,Gibson,45385.0,Indiana
751,Grant,40444.0,Indiana
752,Greene,39840.0,Indiana
753,Hamilton,74717.0,Indiana
754,Hancock,50422.0,Indiana
755,Harrison,41862.0,Indiana
756,Hendricks,49641.0,Indiana
757,Henry,38336.0,Indiana
758,Howard,41842.0,Indiana
759,Huntington,42292.0,Indiana
760,Jackson,42722.0,Indiana
761,Jasper,43293.0,Indiana
762,Jay,39321.0,Indiana
763,Jefferson,41981.0,Indiana
764,Jennings,38959.0,Indiana
765,Johnson,48332.0,Indiana
766,Knox,44626.0,Indiana
767,Kosciusko,47799.0,Indiana
768,Lagrange,42146.0,Indiana
769,Lake,45172.0,Indiana
770,LaPorte,42527.0,Indiana
771,Lawrence,40614.0,Indiana
772,Madison,38172.0,Indiana
773,Marion,51940.0,Indiana
774,Marshall,41329.0,Indiana
775,Martin,39941.0,Indiana
776,Miami,35039.0,Indiana
777,Monroe,42212.0,Indiana
778,Montgomery,40056.0,Indiana
779,Morgan,44183.0,Indiana
780,Newton,39818.0,Indiana
781,Noble,39798.0,Indiana
782,Ohio,40714.0,Indiana
783,Orange,38124.0,Indiana
784,Owen,40081.0,Indiana
785,Parke,36345.0,Indiana
786,Perry,37851.0,Indiana
787,Pike,40714.0,Indiana
788,Porter,53130.0,Indiana
789,Posey,48180.0,Indiana
790,Pulaski,43522.0,Indiana
791,Putnam,37479.0,Indiana
792,Randolph,38491.0,Indiana
793,Ripley,41817.0,Indiana
794,Rush,46945.0,Indiana
795,St. Joseph,47673.0,Indiana
796,Scott,37475.0,Indiana
797,Shelby,43854.0,Indiana
798,Spencer,43971.0,Indiana
799,Starke,35347.0,Indiana
800,Steuben,43231.0,Indiana
801,Sullivan,35181.0,Indiana
802,Switzerland,30827.0,Indiana
803,Tippecanoe,39169.0,Indiana
804,Tipton,46610.0,Indiana
805,Union,38998.0,Indiana
806,Vanderburgh,45893.0,Indiana
807,Vermillion,39411.0,Indiana
808,Vigo,38970.0,Indiana
809,Wabash,43820.0,Indiana
810,Warren,45419.0,Indiana
811,Warrick,56476.0,Indiana
812,Washington,38123.0,Indiana
813,Wayne,41505.0,Indiana
814,Wells,42730.0,Indiana
815,White,43852.0,Indiana
816,Whitley,44528.0,Indiana
819,Adair,51989.0,Iowa
820,Adams,66319.0,Iowa
821,Allamakee,45745.0,Iowa
822,Appanoose,38478.0,Iowa
823,Audubon,48279.0,Iowa
824,Benton,53994.0,Iowa
825,Black Hawk,44764.0,Iowa
826,Boone,49606.0,Iowa
827,Bremer,49405.0,Iowa
828,Buchanan,46491.0,Iowa
829,Buena Vista,50000.0,Iowa
830,Butler,49863.0,Iowa
831,Calhoun,51217.0,Iowa
832,Carroll,54456.0,Iowa
833,Cass,48327.0,Iowa
834,Cedar,53356.0,Iowa
835,Cerro Gordo,53342.0,Iowa
836,Cherokee,62827.0,Iowa
837,Chickasaw,58354.0,Iowa
838,Clarke,43888.0,Iowa
839,Clay,51876.0,Iowa
840,Clayton,50371.0,Iowa
841,Clinton,44244.0,Iowa
842,Crawford,41765.0,Iowa
843,Dallas,66128.0,Iowa
844,Davis,36921.0,Iowa
845,Decatur,35908.0,Iowa
846,Delaware,51998.0,Iowa
847,Des Moines,50515.0,Iowa
848,Dickinson,58592.0,Iowa
849,Dubuque,49085.0,Iowa
850,Emmet,43501.0,Iowa
851,Fayette,44263.0,Iowa
852,Floyd,46560.0,Iowa
853,Franklin,51971.0,Iowa
854,Fremont,45399.0,Iowa
855,Greene,48356.0,Iowa
856,Grundy,53270.0,Iowa
857,Guthrie,52694.0,Iowa
858,Hamilton,53071.0,Iowa
859,Hancock,54791.0,Iowa
860,Hardin,52677.0,Iowa
861,Harrison,44895.0,Iowa
862,Henry,43223.0,Iowa
863,Howard,48232.0,Iowa
864,Humboldt,50201.0,Iowa
865,Ida,52758.0,Iowa
867,Jackson,45167.0,Iowa
868,Jasper,43551.0,Iowa
869,Jefferson,42320.0,Iowa
870,Johnson,52672.0,Iowa
871,Jones,43652.0,Iowa
872,Keokuk,44509.0,Iowa
873,Kossuth,52992.0,Iowa
874,Lee,42174.0,Iowa
875,Linn,52743.0,Iowa
876,Louisa,41038.0,Iowa
877,Lucas,42126.0,Iowa
878,Lyon,60892.0,Iowa
879,Madison,49505.0,Iowa
880,Mahaska,43914.0,Iowa
881,Marion,48956.0,Iowa
882,Marshall,43652.0,Iowa
883,Mills,56647.0,Iowa
884,Mitchell,63318.0,Iowa
885,Monona,48118.0,Iowa
886,Monroe,43833.0,Iowa
887,Montgomery,42280.0,Iowa
888,Muscatine,47553.0,Iowa
889,O'Brien,59835.0,Iowa
890,Osceola,57164.0,Iowa
891,Page,41629.0,Iowa
892,Palo Alto,53056.0,Iowa
893,Plymouth,57589.0,Iowa
894,Pocahontas,52699.0,Iowa
895,Polk,53215.0,Iowa
896,Pottawattamie,45604.0,Iowa
897,Poweshiek,46950.0,Iowa
898,Ringgold,45714.0,Iowa
899,Sac,56931.0,Iowa
900,Scott,54323.0,Iowa
901,Shelby,50834.0,Iowa
902,Sioux,56029.0,Iowa
903,Story,41885.0,Iowa
904,Tama,46483.0,Iowa
905,Taylor,41585.0,Iowa
906,Union,40494.0,Iowa
907,Van Buren,41378.0,Iowa
908,Wapello,39002.0,Iowa
909,Warren,50698.0,Iowa
910,Washington,57438.0,Iowa
911,Wayne,43981.0,Iowa
912,Webster,45496.0,Iowa
913,Winnebago,44528.0,Iowa
914,Winneshiek,50175.0,Iowa
915,Woodbury,43988.0,Iowa
916,Worth,42321.0,Iowa
917,Wright,56451.0,Iowa
920,Allen,40218.0,Kansas
921,Anderson,38539.0,Kansas
922,Atchison,37436.0,Kansas
923,Barber,42497.0,Kansas
924,Barton,48036.0,Kansas
925,Bourbon,42697.0,Kansas
926,Brown,43023.0,Kansas
927,Butler,46157.0,Kansas
928,Chase,46385.0,Kansas
929,Chautauqua,40661.0,Kansas
930,Cherokee,39645.0,Kansas
931,Cheyenne,47268.0,Kansas
932,Clark,62654.0,Kansas
933,Clay,42069.0,Kansas
934,Cloud,38144.0,Kansas
935,Coffey,54074.0,Kansas
936,Comanche,45954.0,Kansas
937,Cowley,38707.0,Kansas
938,Crawford,37921.0,Kansas
939,Decatur,46614.0,Kansas
940,Dickinson,40582.0,Kansas
941,Doniphan,37405.0,Kansas
942,Douglas,43642.0,Kansas
943,Edwards,52165.0,Kansas
944,Elk,40899.0,Kansas
945,Ellis,46465.0,Kansas
946,Ellsworth,43316.0,Kansas
947,Finney,43172.0,Kansas
948,Ford,38962.0,Kansas
949,Franklin,42383.0,Kansas
950,Geary,48907.0,Kansas
951,Gove,58539.0,Kansas
952,Graham,49624.0,Kansas
953,Grant,46591.0,Kansas
954,Gray,66429.0,Kansas
955,Greeley,59191.0,Kansas
956,Greenwood,42708.0,Kansas
957,Hamilton,63834.0,Kansas
958,Harper,47024.0,Kansas
959,Harvey,42057.0,Kansas
960,Haskell,52783.0,Kansas
961,Hodgeman,49176.0,Kansas
962,Jackson,41686.0,Kansas
963,Jefferson,44480.0,Kansas
964,Jewell,48428.0,Kansas
965,Johnson,74010.0,Kansas
966,Kearny,56466.0,Kansas
967,Kingman,42572.0,Kansas
968,Kiowa,44262.0,Kansas
969,Labette,42127.0,Kansas
970,Lane,93628.0,Kansas
971,Leavenworth,42851.0,Kansas
972,Lincoln,41574.0,Kansas
973,Linn,37267.0,Kansas
974,Logan,47852.0,Kansas
975,Lyon,38297.0,Kansas
976,McPherson,51016.0,Kansas
977,Marion,41410.0,Kansas
978,Marshall,45766.0,Kansas
979,Meade,64262.0,Kansas
980,Miami,48748.0,Kansas
981,Mitchell,54694.0,Kansas
982,Montgomery,37576.0,Kansas
983,Morris,42424.0,Kansas
984,Morton,43644.0,Kansas
985,Nemaha,54111.0,Kansas
986,Neosho,39485.0,Kansas
987,Ness,57310.0,Kansas
988,Norton,42080.0,Kansas
989,Osage,40102.0,Kansas
990,Osborne,46018.0,Kansas
991,Ottawa,41201.0,Kansas
992,Pawnee,39223.0,Kansas
993,Phillips,51320.0,Kansas
994,Pottawatomie,52564.0,Kansas
995,Pratt,47327.0,Kansas
996,Rawlins,55821.0,Kansas
997,Reno,41111.0,Kansas
998,Republic,44273.0,Kansas
999,Rice,42788.0,Kansas
1000,Riley,42566.0,Kansas
1001,Rooks,42363.0,Kansas
1002,Rush,44302.0,Kansas
1003,Russell,44443.0,Kansas
1004,Saline,49983.0,Kansas
1005,Scott,69254.0,Kansas
1006,Sedgwick,53776.0,Kansas
1007,Seward,38621.0,Kansas
1008,Shawnee,46861.0,Kansas
1009,Sheridan,50706.0,Kansas
1010,Sherman,45156.0,Kansas
1011,Smith,45484.0,Kansas
1012,Stafford,44534.0,Kansas
1013,Stanton,63897.0,Kansas
1014,Stevens,38970.0,Kansas
1015,Sumner,40027.0,Kansas
1016,Thomas,45671.0,Kansas
1017,Trego,50889.0,Kansas
1018,Wabaunsee,50534.0,Kansas
1019,Wallace,56954.0,Kansas
1020,Washington,45181.0,Kansas
1021,Wichita,70142.0,Kansas
1022,Wilson,43433.0,Kansas
1023,Woodson,35561.0,Kansas
1024,Wyandotte,33315.0,Kansas
1027,Adair,31288.0,Kentucky
1028,Allen,32643.0,Kentucky
1029,Anderson,39321.0,Kentucky
1030,Ballard,37939.0,Kentucky
1031,Barren,36633.0,Kentucky
1032,Bath,30496.0,Kentucky
1033,Bell,29612.0,Kentucky
1034,Boone,48004.0,Kentucky
1035,Bourbon,44388.0,Kentucky
1036,Boyd,39746.0,Kentucky
1037,Boyle,37780.0,Kentucky
1038,Bracken,36758.0,Kentucky
1039,Breathitt,33753.0,Kentucky
1040,Breckinridge,34461.0,Kentucky
1041,Bullitt,40935.0,Kentucky
1042,Butler,34420.0,Kentucky
1043,Caldwell,35066.0,Kentucky
1044,Calloway,35722.0,Kentucky
1045,Campbell,49015.0,Kentucky
1046,Carlisle,43860.0,Kentucky
1047,Carroll,36349.0,Kentucky
1048,Carter,30847.0,Kentucky
1049,Casey,31205.0,Kentucky
1050,Christian,37742.0,Kentucky
1051,Clark,39848.0,Kentucky
1052,Clay,30566.0,Kentucky
1053,Clinton,31308.0,Kentucky
1054,Crittenden,35325.0,Kentucky
1055,Cumberland,35549.0,Kentucky
1056,Daviess,41754.0,Kentucky
1057,Edmonson,32253.0,Kentucky
1058,Elliott,22481.0,Kentucky
1059,Estill,31555.0,Kentucky
1060,Fayette,50180.0,Kentucky
1061,Fleming,33537.0,Kentucky
1062,Floyd,36976.0,Kentucky
1063,Franklin,41760.0,Kentucky
1064,Fulton,33715.0,Kentucky
1065,Gallatin,32065.0,Kentucky
1066,Garrard,34363.0,Kentucky
1067,Grant,36093.0,Kentucky
1068,Graves,38130.0,Kentucky
1069,Grayson,33580.0,Kentucky
1070,Green,34570.0,Kentucky
1071,Greenup,40933.0,Kentucky
1072,Hancock,36929.0,Kentucky
1073,Hardin,43424.0,Kentucky
1074,Harlan,30877.0,Kentucky
1075,Harrison,34889.0,Kentucky
1076,Hart,32133.0,Kentucky
1077,Henderson,39891.0,Kentucky
1078,Henry,37981.0,Kentucky
1079,Hickman,44912.0,Kentucky
1080,Hopkins,39236.0,Kentucky
1081,Jackson,28352.0,Kentucky
1082,Jefferson,51937.0,Kentucky
1083,Jessamine,43470.0,Kentucky
1084,Johnson,32986.0,Kentucky
1085,Kenton,57982.0,Kentucky
1086,Knott,30118.0,Kentucky
1087,Knox,29431.0,Kentucky
1088,Larue,36525.0,Kentucky
1089,Laurel,33921.0,Kentucky
1090,Lawrence,31654.0,Kentucky
1091,Lee,30157.0,Kentucky
1092,Leslie,32724.0,Kentucky
1093,Letcher,30852.0,Kentucky
1094,Lewis,31156.0,Kentucky
1095,Lincoln,31399.0,Kentucky
1096,Livingston,37792.0,Kentucky
1097,Logan,36005.0,Kentucky
1098,Lyon,36652.0,Kentucky
1099,McCracken,48383.0,Kentucky
1100,McCreary,25835.0,Kentucky
1101,McLean,41603.0,Kentucky
1102,Madison,35397.0,Kentucky
1103,Magoffin,30537.0,Kentucky
1104,Marion,36083.0,Kentucky
1105,Marshall,41625.0,Kentucky
1106,Martin,29840.0,Kentucky
1107,Mason,40541.0,Kentucky
1108,Meade,40026.0,Kentucky
1109,Menifee,30305.0,Kentucky
1110,Mercer,37146.0,Kentucky
1111,Metcalfe,31512.0,Kentucky
1112,Monroe,36385.0,Kentucky
1113,Montgomery,34751.0,Kentucky
1114,Morgan,26831.0,Kentucky
1115,Muhlenberg,33892.0,Kentucky
1116,Nelson,42442.0,Kentucky
1117,Nicholas,33999.0,Kentucky
1118,Ohio,33262.0,Kentucky
1119,Oldham,63039.0,Kentucky
1120,Owen,33940.0,Kentucky
1121,Owsley,31486.0,Kentucky
1122,Pendleton,43757.0,Kentucky
1123,Perry,38523.0,Kentucky
1124,Pike,36319.0,Kentucky
1125,Powell,31498.0,Kentucky
1126,Pulaski,37024.0,Kentucky
1127,Robertson,32815.0,Kentucky
1128,Rockcastle,31176.0,Kentucky
1129,Rowan,30777.0,Kentucky
1130,Russell,34343.0,Kentucky
1131,Scott,43409.0,Kentucky
1132,Shelby,45392.0,Kentucky
1133,Simpson,38189.0,Kentucky
1134,Spencer,43960.0,Kentucky
1135,Taylor,35020.0,Kentucky
1136,Todd,38508.0,Kentucky
1137,Trigg,36495.0,Kentucky
1138,Trimble,36565.0,Kentucky
1139,Union,33736.0,Kentucky
1140,Warren,38045.0,Kentucky
1141,Washington,37824.0,Kentucky
1142,Wayne,28484.0,Kentucky
1143,Webster,39188.0,Kentucky
1144,Whitley,33447.0,Kentucky
1145,Wolfe,31083.0,Kentucky
1146,Woodford,51753.0,Kentucky
1149,Acadia,37304.0,Louisiana
1150,Allen,33381.0,Louisiana
1151,Ascension,49829.0,Louisiana
1152,Assumption,46788.0,Louisiana
1153,Avoyelles,37911.0,Louisiana
1154,Beauregard,42782.0,Louisiana
1155,Bienville,38493.0,Louisiana
1156,Bossier,44149.0,Louisiana
1157,Caddo,48413.0,Louisiana
1158,Calcasieu,48968.0,Louisiana
1159,Caldwell,33950.0,Louisiana
1160,Cameron,50280.0,Louisiana
1161,Catahoula,33655.0,Louisiana
1162,Claiborne,35240.0,Louisiana
1163,Concordia,32942.0,Louisiana
1164,De Soto,40584.0,Louisiana
1165,East Baton Rouge,51386.0,Louisiana
1166,East Carroll,36010.0,Louisiana
1167,East Feliciana,42771.0,Louisiana
1168,Evangeline,33671.0,Louisiana
1169,Franklin,31928.0,Louisiana
1170,Grant,31828.0,Louisiana
1171,Iberia,39270.0,Louisiana
1172,Iberville,41423.0,Louisiana
1173,Jackson,34116.0,Louisiana
1174,Jefferson,51005.0,Louisiana
1175,Jefferson Davis,42334.0,Louisiana
1176,Lafayette,50273.0,Louisiana
1177,Lafourche,47096.0,Louisiana
1178,LaSalle,32413.0,Louisiana
1179,Lincoln,40410.0,Louisiana
1180,Livingston,40658.0,Louisiana
1181,Madison,32437.0,Louisiana
1182,Morehouse,38495.0,Louisiana
1183,Natchitoches,39860.0,Louisiana
1184,Orleans,52004.0,Louisiana
1185,Ouachita,41053.0,Louisiana
1186,Plaquemines,49376.0,Louisiana
1187,Pointe Coupee,44366.0,Louisiana
1188,Rapides,46090.0,Louisiana
1189,Red River,42201.0,Louisiana
1190,Richland,37330.0,Louisiana
1191,Sabine,34558.0,Louisiana
1192,St. Bernard,32130.0,Louisiana
1193,St. Charles,49353.0,Louisiana
1194,St. Helena,41592.0,Louisiana
1195,St. James,48484.0,Louisiana
1196,St. John the Baptist,40573.0,Louisiana
1197,St. Landry,41191.0,Louisiana
1198,St. Martin,37645.0,Louisiana
1199,St. Mary,39280.0,Louisiana
1200,St. Tammany,62366.0,Louisiana
1201,Tangipahoa,38974.0,Louisiana
1202,Tensas,36630.0,Louisiana
1203,Terrebonne,41504.0,Louisiana
1204,Union,38794.0,Louisiana
1205,Vermilion,39042.0,Louisiana
1206,Vernon,40729.0,Louisiana
1207,Washington,33480.0,Louisiana
1208,Webster,40175.0,Louisiana
1209,West Baton Rouge,46976.0,Louisiana
1210,West Carroll,36633.0,Louisiana
1211,West Feliciana,38655.0,Louisiana
1212,Winn,36698.0,Louisiana
1215,Androscoggin,41528.0,Maine
1216,Aroostook,41241.0,Maine
1217,Cumberland,62523.0,Maine
1218,Franklin,38544.0,Maine
1219,Hancock,51259.0,Maine
1220,Kennebec,44940.0,Maine
1221,Knox,52358.0,Maine
1222,Lincoln,50922.0,Maine
1223,Oxford,37999.0,Maine
1224,Penobscot,42053.0,Maine
1225,Piscataquis,38427.0,Maine
1226,Sagadahoc,51325.0,Maine
1227,Somerset,38142.0,Maine
1228,Waldo,40912.0,Maine
1229,Washington,40378.0,Maine
1230,York,52068.0,Maine
1233,Allegany,40517.0,Maryland
1234,Anne Arundel,67363.0,Maryland
1235,Baltimore,61556.0,Maryland
1236,Calvert,62591.0,Maryland
1237,Caroline,45906.0,Maryland
1238,Carroll,63039.0,Maryland
1239,Cecil,47695.0,Maryland
1240,Charles,57051.0,Maryland
1241,Dorchester,46562.0,Maryland
1242,Frederick,61869.0,Maryland
1243,Garrett,45595.0,Maryland
1244,Harford,58841.0,Maryland
1245,Howard,78416.0,Maryland
1246,Kent,61497.0,Maryland
1247,Montgomery,89690.0,Maryland
1248,Prince George's,49420.0,Maryland
1249,Queen Anne's,64810.0,Maryland
1250,St. Mary's,56820.0,Maryland
1251,Somerset,31562.0,Maryland
1252,Talbot,73232.0,Maryland
1253,Washington,47092.0,Maryland
1254,Wicomico,42054.0,Maryland
1255,Worcester,60007.0,Maryland
1256,Baltimore City,51357.0,Maryland
1259,Barnstable,74756.0,Massachusetts
1260,Berkshire,56503.0,Massachusetts
1261,Bristol,54089.0,Massachusetts
1262,Dukes,93726.0,Massachusetts
1263,Essex,67507.0,Massachusetts
1264,Franklin,54689.0,Massachusetts
1265,Hampden,51187.0,Massachusetts
1266,Hampshire,52984.0,Massachusetts
1267,Middlesex,83795.0,Massachusetts
1268,Nantucket,124168.0,Massachusetts
1269,Norfolk,92285.0,Massachusetts
1270,Plymouth,67505.0,Massachusetts
1271,Suffolk,81152.0,Massachusetts
1272,Worcester,57003.0,Massachusetts
1275,Alcona,38375.0,Michigan
1276,Alger,33767.0,Michigan
1277,Allegan,45182.0,Michigan
1278,Alpena,40985.0,Michigan
1279,Antrim,47070.0,Michigan
1280,Arenac,37369.0,Michigan
1281,Baraga,33519.0,Michigan
1282,Barry,44919.0,Michigan
1283,Bay,41722.0,Michigan
1284,Benzie,43557.0,Michigan
1285,Berrien,47430.0,Michigan
1286,Branch,37622.0,Michigan
1287,Calhoun,40276.0,Michigan
1288,Cass,44994.0,Michigan
1289,Charlevoix,52885.0,Michigan
1290,Cheboygan,40080.0,Michigan
1291,Chippewa,34269.0,Michigan
1292,Clare,34120.0,Michigan
1293,Clinton,46518.0,Michigan
1294,Crawford,34648.0,Michigan
1295,Delta,40551.0,Michigan
1296,Dickinson,49397.0,Michigan
1297,Eaton,42693.0,Michigan
1298,Emmet,57115.0,Michigan
1299,Genesee,41068.0,Michigan
1300,Gladwin,36874.0,Michigan
1301,Gogebic,39945.0,Michigan
1302,Grand Traverse,50639.0,Michigan
1303,Gratiot,37834.0,Michigan
1304,Hillsdale,36598.0,Michigan
1305,Houghton,37674.0,Michigan
1306,Huron,45425.0,Michigan
1307,Ingham,40761.0,Michigan
1308,Ionia,35273.0,Michigan
1309,Iosco,37970.0,Michigan
1310,Iron,44959.0,Michigan
1311,Isabella,35501.0,Michigan
1312,Jackson,39832.0,Michigan
1313,Kalamazoo,48723.0,Michigan
1314,Kalkaska,34623.0,Michigan
1315,Kent,53935.0,Michigan
1316,Keweenaw,47618.0,Michigan
1317,Lake,31813.0,Michigan
1318,Lapeer,43679.0,Michigan
1319,Leelanau,67320.0,Michigan
1320,Lenawee,39600.0,Michigan
1321,Livingston,58326.0,Michigan
1322,Luce,31827.0,Michigan
1323,Mackinac,44457.0,Michigan
1324,Macomb,46530.0,Michigan
1325,Manistee,38814.0,Michigan
1326,Marquette,40036.0,Michigan
1327,Mason,41667.0,Michigan
1328,Mecosta,34252.0,Michigan
1329,Menominee,43594.0,Michigan
1330,Midland,60467.0,Michigan
1331,Missaukee,34972.0,Michigan
1332,Monroe,47496.0,Michigan
1333,Montcalm,34972.0,Michigan
1334,Montmorency,37363.0,Michigan
1335,Muskegon,39072.0,Michigan
1336,Newaygo,38037.0,Michigan
1337,Oakland,72741.0,Michigan
1338,Oceana,37950.0,Michigan
1339,Ogemaw,35396.0,Michigan
1340,Ontonagon,40129.0,Michigan
1341,Osceola,36023.0,Michigan
1342,Oscoda,33896.0,Michigan
1343,Otsego,40589.0,Michigan
1344,Ottawa,49418.0,Michigan
1345,Presque Isle,39004.0,Michigan
1346,Roscommon,37141.0,Michigan
1347,Saginaw,38754.0,Michigan
1348,St. Clair,44316.0,Michigan
1349,St. Joseph,38866.0,Michigan
1350,Sanilac,38004.0,Michigan
1351,Schoolcraft,39948.0,Michigan
1352,Shiawassee,39435.0,Michigan
1353,Tuscola,37979.0,Michigan
1354,Van Buren,41123.0,Michigan
1355,Washtenaw,59363.0,Michigan
1356,Wayne,42942.0,Michigan
1357,Wexford,36454.0,Michigan
1360,Aitkin,39780.0,Minnesota
1361,Anoka,51258.0,Minnesota
1362,Becker,47272.0,Minnesota
1363,Beltrami,41565.0,Minnesota
1364,Benton,43830.0,Minnesota
1365,Big Stone,57221.0,Minnesota
1366,Blue Earth,44383.0,Minnesota
1367,Brown,52995.0,Minnesota
1368,Carlton,43098.0,Minnesota
1369,Carver,71350.0,Minnesota
1370,Cass,47443.0,Minnesota
1371,Chippewa,49836.0,Minnesota
1372,Chisago,48750.0,Minnesota
1373,Clay,43180.0,Minnesota
1374,Clearwater,44001.0,Minnesota
1375,Cook,55319.0,Minnesota
1376,Cottonwood,47982.0,Minnesota
1377,Crow Wing,45610.0,Minnesota
1378,Dakota,60651.0,Minnesota
1379,Dodge,47984.0,Minnesota
1380,Douglas,53665.0,Minnesota
1381,Faribault,43343.0,Minnesota
1382,Fillmore,45378.0,Minnesota
1383,Freeborn,45808.0,Minnesota
1384,Goodhue,53549.0,Minnesota
1385,Grant,52556.0,Minnesota
1386,Hennepin,74698.0,Minnesota
1387,Houston,52354.0,Minnesota
1388,Hubbard,43235.0,Minnesota
1389,Isanti,44049.0,Minnesota
1390,Itasca,43685.0,Minnesota
1391,Jackson,53276.0,Minnesota
1392,Kanabec,42509.0,Minnesota
1393,Kandiyohi,54667.0,Minnesota
1394,Kittson,55597.0,Minnesota
1395,Koochiching,41890.0,Minnesota
1396,Lac qui Parle,55688.0,Minnesota
1397,Lake,48132.0,Minnesota
1398,Lake of the Woods,57357.0,Minnesota
1399,Le Sueur,48799.0,Minnesota
1400,Lincoln,48520.0,Minnesota
1401,Lyon,49455.0,Minnesota
1402,McLeod,49136.0,Minnesota
1403,Mahnomen,36950.0,Minnesota
1404,Marshall,51509.0,Minnesota
1405,Martin,50083.0,Minnesota
1406,Meeker,43944.0,Minnesota
1407,Mille Lacs,41582.0,Minnesota
1408,Morrison,42568.0,Minnesota
1409,Mower,48423.0,Minnesota
1410,Murray,54825.0,Minnesota
1411,Nicollet,49605.0,Minnesota
1412,Nobles,45100.0,Minnesota
1413,Norman,44254.0,Minnesota
1414,Olmsted,58554.0,Minnesota
1415,Otter Tail,48275.0,Minnesota
1416,Pennington,55399.0,Minnesota
1417,Pine,37067.0,Minnesota
1418,Pipestone,58004.0,Minnesota
1419,Polk,48820.0,Minnesota
1420,Pope,52091.0,Minnesota
1421,Ramsey,54934.0,Minnesota
1422,Red Lake,51750.0,Minnesota
1423,Redwood,49732.0,Minnesota
1424,Renville,51432.0,Minnesota
1425,Rice,44096.0,Minnesota
1426,Rock,51956.0,Minnesota
1427,Roseau,51307.0,Minnesota
1428,St. Louis,47417.0,Minnesota
1429,Scott,59687.0,Minnesota
1430,Sherburne,47031.0,Minnesota
1431,Sibley,46632.0,Minnesota
1432,Stearns,47196.0,Minnesota
1433,Steele,47604.0,Minnesota
1434,Stevens,49913.0,Minnesota
1435,Swift,51320.0,Minnesota
1436,Todd,42005.0,Minnesota
1437,Traverse,61255.0,Minnesota
1438,Wabasha,48724.0,Minnesota
1439,Wadena,39746.0,Minnesota
1440,Waseca,44556.0,Minnesota
1441,Washington,67928.0,Minnesota
1442,Watonwan,42979.0,Minnesota
1443,Wilkin,59516.0,Minnesota
1444,Winona,50036.0,Minnesota
1445,Wright,50181.0,Minnesota
1446,Yellow Medicine,57186.0,Minnesota
1449,Adams,33880.0,Mississippi
1450,Alcorn,36003.0,Mississippi
1451,Amite,33460.0,Mississippi
1452,Attala,33809.0,Mississippi
1453,Benton,30285.0,Mississippi
1454,Bolivar,38213.0,Mississippi
1455,Calhoun,33043.0,Mississippi
1456,Carroll,37615.0,Mississippi
1457,Chickasaw,34805.0,Mississippi
1458,Choctaw,33646.0,Mississippi
1459,Claiborne,31494.0,Mississippi
1460,Clarke,36431.0,Mississippi
1461,Clay,39191.0,Mississippi
1462,Coahoma,33915.0,Mississippi
1463,Copiah,33203.0,Mississippi
1464,Covington,35748.0,Mississippi
1465,DeSoto,40702.0,Mississippi
1466,Forrest,38880.0,Mississippi
1467,Franklin,33970.0,Mississippi
1468,George,32529.0,Mississippi
1469,Greene,28716.0,Mississippi
1470,Grenada,35632.0,Mississippi
1471,Hancock,35262.0,Mississippi
1472,Harrison,37303.0,Mississippi
1473,Hinds,39311.0,Mississippi
1474,Holmes,28371.0,Mississippi
1475,Humphreys,31864.0,Mississippi
1476,Issaquena,18541.0,Mississippi
1477,Itawamba,34734.0,Mississippi
1478,Jackson,37499.0,Mississippi
1479,Jasper,37281.0,Mississippi
1480,Jefferson,33098.0,Mississippi
1481,Jefferson Davis,30097.0,Mississippi
1482,Jones,38122.0,Mississippi
1483,Kemper,29287.0,Mississippi
1484,Lafayette,42110.0,Mississippi
1485,Lamar,40529.0,Mississippi
1486,Lauderdale,37959.0,Mississippi
1487,Lawrence,34616.0,Mississippi
1488,Leake,31436.0,Mississippi
1489,Lee,41934.0,Mississippi
1490,Leflore,36399.0,Mississippi
1491,Lincoln,38682.0,Mississippi
1492,Lowndes,38498.0,Mississippi
1493,Madison,64033.0,Mississippi
1494,Marion,34526.0,Mississippi
1495,Marshall,32341.0,Mississippi
1496,Monroe,34664.0,Mississippi
1497,Montgomery,34180.0,Mississippi
1498,Neshoba,36604.0,Mississippi
1499,Newton,34645.0,Mississippi
1500,Noxubee,32805.0,Mississippi
1501,Oktibbeha,34367.0,Mississippi
1502,Panola,32496.0,Mississippi
1503,Pearl River,36230.0,Mississippi
1504,Perry,31934.0,Mississippi
1505,Pike,31048.0,Mississippi
1506,Pontotoc,32996.0,Mississippi
1507,Prentiss,30743.0,Mississippi
1508,Quitman,27088.0,Mississippi
1509,Rankin,44661.0,Mississippi
1510,Scott,32095.0,Mississippi
1511,Sharkey,32070.0,Mississippi
1512,Simpson,37036.0,Mississippi
1513,Smith,35791.0,Mississippi
1514,Stone,31516.0,Mississippi
1515,Sunflower,30859.0,Mississippi
1516,Tallahatchie,27757.0,Mississippi
1517,Tate,35182.0,Mississippi
1518,Tippah,33919.0,Mississippi
1519,Tishomingo,33559.0,Mississippi
1520,Tunica,32425.0,Mississippi
1521,Union,32242.0,Mississippi
1522,Walthall,31757.0,Mississippi
1523,Warren,39580.0,Mississippi
1524,Washington,37568.0,Mississippi
1525,Wayne,34775.0,Mississippi
1526,Webster,38464.0,Mississippi
1527,Wilkinson,29413.0,Mississippi
1528,Winston,35742.0,Mississippi
1529,Yalobusha,36729.0,Mississippi
1530,Yazoo,27275.0,Mississippi
1533,Adair,33578.0,Missouri
1534,Andrew,45118.0,Missouri
1535,Atchison,42633.0,Missouri
1536,Audrain,40111.0,Missouri
1537,Barry,34540.0,Missouri
1538,Barton,35884.0,Missouri
1539,Bates,38864.0,Missouri
1540,Benton,35973.0,Missouri
1541,Bollinger,32454.0,Missouri
1542,Boone,47687.0,Missouri
1543,Buchanan,39810.0,Missouri
1544,Butler,35302.0,Missouri
1545,Caldwell,37301.0,Missouri
1546,Callaway,38686.0,Missouri
1547,Camden,38794.0,Missouri
1548,Cape Girardeau,46314.0,Missouri
1549,Carroll,45110.0,Missouri
1550,Carter,32045.0,Missouri
1551,Cass,47151.0,Missouri
1552,Cedar,31664.0,Missouri
1553,Chariton,42227.0,Missouri
1554,Christian,40301.0,Missouri
1555,Clark,34516.0,Missouri
1556,Clay,48381.0,Missouri
1557,Clinton,42988.0,Missouri
1558,Cole,47790.0,Missouri
1559,Cooper,38916.0,Missouri
1560,Crawford,36090.0,Missouri
1561,Dade,34181.0,Missouri
1562,Dallas,33184.0,Missouri
1563,Daviess,34491.0,Missouri
1564,DeKalb,28294.0,Missouri
1565,Dent,33231.0,Missouri
1566,Douglas,28305.0,Missouri
1567,Dunklin,34129.0,Missouri
1568,Franklin,45719.0,Missouri
1569,Gasconade,40316.0,Missouri
1570,Gentry,41470.0,Missouri
1571,Greene,44837.0,Missouri
1572,Grundy,34723.0,Missouri
1573,Harrison,38274.0,Missouri
1574,Henry,43018.0,Missouri
1575,Hickory,27787.0,Missouri
1576,Holt,45259.0,Missouri
1577,Howard,38796.0,Missouri
1578,Howell,34055.0,Missouri
1579,Iron,34164.0,Missouri
1580,Jackson,47054.0,Missouri
1581,Jasper,39973.0,Missouri
1582,Jefferson,42780.0,Missouri
1583,Johnson,36777.0,Missouri
1584,Knox,32711.0,Missouri
1585,Laclede,36558.0,Missouri
1586,Lafayette,42119.0,Missouri
1587,Lawrence,34301.0,Missouri
1588,Lewis,35249.0,Missouri
1589,Lincoln,40788.0,Missouri
1590,Linn,40356.0,Missouri
1591,Livingston,39805.0,Missouri
1592,McDonald,28018.0,Missouri
1593,Macon,42414.0,Missouri
1594,Madison,36865.0,Missouri
1595,Maries,33348.0,Missouri
1596,Marion,41068.0,Missouri
1597,Mercer,32388.0,Missouri
1598,Miller,35547.0,Missouri
1599,Mississippi,32216.0,Missouri
1600,Moniteau,37533.0,Missouri
1601,Monroe,42672.0,Missouri
1602,Montgomery,40396.0,Missouri
1603,Morgan,42873.0,Missouri
1604,New Madrid,33869.0,Missouri
1605,Newton,39334.0,Missouri
1606,Nodaway,31013.0,Missouri
1607,Oregon,28722.0,Missouri
1608,Osage,45582.0,Missouri
1609,Ozark,30043.0,Missouri
1610,Pemiscot,32811.0,Missouri
1611,Perry,41321.0,Missouri
1612,Pettis,37763.0,Missouri
1613,Phelps,39132.0,Missouri
1614,Pike,34828.0,Missouri
1615,Platte,58878.0,Missouri
1616,Polk,33703.0,Missouri
1617,Pulaski,40512.0,Missouri
1618,Putnam,33945.0,Missouri
1619,Ralls,40698.0,Missouri
1620,Randolph,39903.0,Missouri
1621,Ray,42305.0,Missouri
1622,Reynolds,35034.0,Missouri
1623,Ripley,30437.0,Missouri
1624,St. Charles,53745.0,Missouri
1625,St. Clair,29830.0,Missouri
1626,Ste. Genevieve,41822.0,Missouri
1627,St. Francois,34485.0,Missouri
1628,St. Louis,71360.0,Missouri
1629,Saline,38580.0,Missouri
1630,Schuyler,29013.0,Missouri
1631,Scotland,33262.0,Missouri
1632,Scott,40221.0,Missouri
1633,Shannon,30503.0,Missouri
1634,Shelby,40356.0,Missouri
1635,Stoddard,37020.0,Missouri
1636,Stone,38900.0,Missouri
1637,Sullivan,37649.0,Missouri
1638,Taney,35956.0,Missouri
1639,Texas,28169.0,Missouri
1640,Vernon,35930.0,Missouri
1641,Warren,41674.0,Missouri
1642,Washington,29606.0,Missouri
1643,Wayne,29581.0,Missouri
1644,Webster,32589.0,Missouri
1645,Worth,35573.0,Missouri
1646,Wright,32178.0,Missouri
1647,St. Louis City,47643.0,Missouri
1650,Beaverhead,44664.0,Montana
1651,Big Horn,30533.0,Montana
1652,Blaine,31263.0,Montana
1653,Broadwater,39306.0,Montana
1654,Carbon,47442.0,Montana
1655,Carter,44358.0,Montana
1656,Cascade,47518.0,Montana
1657,Chouteau,37340.0,Montana
1658,Custer,44689.0,Montana
1659,Daniels,48086.0,Montana
1660,Dawson,45295.0,Montana
1661,Deer Lodge,39063.0,Montana
1662,Fallon,49509.0,Montana
1663,Fergus,43808.0,Montana
1664,Flathead,47331.0,Montana
1665,Gallatin,54734.0,Montana
1666,Garfield,36291.0,Montana
1667,Glacier,34458.0,Montana
1668,Golden Valley,49137.0,Montana
1669,Granite,43791.0,Montana
1670,Hill,45017.0,Montana
1671,Jefferson,47960.0,Montana
1672,Judith Basin,50492.0,Montana
1673,Lake,39365.0,Montana
1674,Lewis and Clark,48562.0,Montana
1675,Liberty,40956.0,Montana
1676,Lincoln,35432.0,Montana
1677,McCone,42209.0,Montana
1678,Madison,49115.0,Montana
1679,Meagher,46128.0,Montana
1680,Mineral,39957.0,Montana
1681,Missoula,49492.0,Montana
1682,Musselshell,43133.0,Montana
1683,Park,48114.0,Montana
1684,Petroleum,35772.0,Montana
1685,Phillips,39172.0,Montana
1686,Pondera,42363.0,Montana
1687,Powder River,32479.0,Montana
1688,Powell,39771.0,Montana
1689,Prairie,44739.0,Montana
1690,Ravalli,44602.0,Montana
1691,Richland,61217.0,Montana
1692,Roosevelt,34794.0,Montana
1693,Rosebud,42250.0,Montana
1694,Sanders,34896.0,Montana
1695,Sheridan,52541.0,Montana
1696,Silver Bow,48939.0,Montana
1697,Stillwater,51773.0,Montana
1698,Sweet Grass,44455.0,Montana
1699,Teton,44369.0,Montana
1700,Toole,45481.0,Montana
1701,Treasure,48415.0,Montana
1702,Valley,46911.0,Montana
1703,Wheatland,35934.0,Montana
1704,Wibaux,50940.0,Montana
1705,Yellowstone,52340.0,Montana
1708,Adams,49139.0,Nebraska
1709,Antelope,46981.0,Nebraska
1710,Arthur,46901.0,Nebraska
1711,Banner,58252.0,Nebraska
1712,Blaine,45788.0,Nebraska
1713,Boone,54024.0,Nebraska
1714,Box Butte,47359.0,Nebraska
1715,Boyd,55795.0,Nebraska
1716,Brown,51496.0,Nebraska
1717,Buffalo,54052.0,Nebraska
1718,Burt,50268.0,Nebraska
1719,Butler,47286.0,Nebraska
1720,Cass,53602.0,Nebraska
1721,Cedar,52839.0,Nebraska
1722,Chase,49267.0,Nebraska
1723,Cherry,45124.0,Nebraska
1724,Cheyenne,48263.0,Nebraska
1725,Clay,47220.0,Nebraska
1726,Colfax,43106.0,Nebraska
1727,Cuming,58610.0,Nebraska
1728,Custer,44290.0,Nebraska
1729,Dakota,41831.0,Nebraska
1730,Dawes,37092.0,Nebraska
1731,Dawson,43055.0,Nebraska
1732,Deuel,44289.0,Nebraska
1733,Dixon,44185.0,Nebraska
1734,Dodge,47330.0,Nebraska
1735,Douglas,63435.0,Nebraska
1736,Dundy,53144.0,Nebraska
1737,Fillmore,57068.0,Nebraska
1738,Franklin,47132.0,Nebraska
1739,Frontier,44469.0,Nebraska
1740,Furnas,49008.0,Nebraska
1741,Gage,49863.0,Nebraska
1742,Garden,40892.0,Nebraska
1743,Garfield,43905.0,Nebraska
1744,Gosper,52671.0,Nebraska
1745,Grant,42545.0,Nebraska
1746,Greeley,45109.0,Nebraska
1747,Hall,43625.0,Nebraska
1748,Hamilton,54782.0,Nebraska
1749,Harlan,48143.0,Nebraska
1750,Hayes,45409.0,Nebraska
1751,Hitchcock,37990.0,Nebraska
1752,Holt,51404.0,Nebraska
1753,Hooker,52667.0,Nebraska
1754,Howard,41377.0,Nebraska
1755,Jefferson,48757.0,Nebraska
1756,Johnson,37179.0,Nebraska
1757,Kearney,56309.0,Nebraska
1758,Keith,45896.0,Nebraska
1759,Keya Paha,58784.0,Nebraska
1760,Kimball,44069.0,Nebraska
1761,Knox,48268.0,Nebraska
1762,Lancaster,49889.0,Nebraska
1763,Lincoln,46623.0,Nebraska
1764,Logan,37603.0,Nebraska
1765,Loup,45361.0,Nebraska
1766,McPherson,45530.0,Nebraska
1767,Madison,50630.0,Nebraska
1768,Merrick,47386.0,Nebraska
1769,Morrill,49071.0,Nebraska
1770,Nance,38000.0,Nebraska
1771,Nemaha,48807.0,Nebraska
1772,Nuckolls,50836.0,Nebraska
1773,Otoe,53850.0,Nebraska
1774,Pawnee,48851.0,Nebraska
1775,Perkins,55692.0,Nebraska
1776,Phelps,52792.0,Nebraska
1777,Pierce,57141.0,Nebraska
1778,Platte,49386.0,Nebraska
1779,Polk,51004.0,Nebraska
1780,Red Willow,46270.0,Nebraska
1781,Richardson,48195.0,Nebraska
1782,Rock,49241.0,Nebraska
1783,Saline,43763.0,Nebraska
1784,Sarpy,50333.0,Nebraska
1785,Saunders,52193.0,Nebraska
1786,Scotts Bluff,44171.0,Nebraska
1787,Seward,49832.0,Nebraska
1788,Sheridan,47076.0,Nebraska
1789,Sherman,44953.0,Nebraska
1790,Sioux,42404.0,Nebraska
1791,Stanton,48167.0,Nebraska
1792,Thayer,57523.0,Nebraska
1793,Thomas,53979.0,Nebraska
1794,Thurston,41468.0,Nebraska
1795,Valley,45713.0,Nebraska
1796,Washington,56640.0,Nebraska
1797,Wayne,44622.0,Nebraska
1798,Webster,48607.0,Nebraska
1799,Wheeler,72878.0,Nebraska
1800,York,49892.0,Nebraska
1803,Churchill,43661.0,Nevada
1804,Clark,47090.0,Nevada
1805,Douglas,75159.0,Nevada
1806,Elko,46808.0,Nevada
1807,Esmeralda,40113.0,Nevada
1808,Eureka,39903.0,Nevada
1809,Humboldt,46927.0,Nevada
1810,Lander,63923.0,Nevada
1811,Lincoln,36604.0,Nevada
1812,Lyon,38713.0,Nevada
1813,Mineral,38074.0,Nevada
1814,Nye,37835.0,Nevada
1815,Pershing,32592.0,Nevada
1816,Storey,59651.0,Nevada
1817,Washoe,59639.0,Nevada
1818,White Pine,44736.0,Nevada
1819,Carson City,50754.0,Nevada
1822,Belknap,61091.0,New Hampshire
1823,Carroll,58949.0,New Hampshire
1824,Cheshire,51969.0,New Hampshire
1825,Coos,43098.0,New Hampshire
1826,Grafton,60426.0,New Hampshire
1827,Hillsborough,61147.0,New Hampshire
1828,Merrimack,57924.0,New Hampshire
1829,Rockingham,73819.0,New Hampshire
1830,Strafford,50574.0,New Hampshire
1831,Sullivan,51682.0,New Hampshire
1834,Atlantic,48668.0,New Jersey
1835,Bergen,85951.0,New Jersey
1836,Burlington,62120.0,New Jersey
1837,Camden,54103.0,New Jersey
1838,Cape May,60877.0,New Jersey
1839,Cumberland,40289.0,New Jersey
1840,Essex,67459.0,New Jersey
1841,Gloucester,54745.0,New Jersey
1842,Hudson,65139.0,New Jersey
1843,Hunterdon,89610.0,New Jersey
1844,Mercer,69344.0,New Jersey
1845,Middlesex,61065.0,New Jersey
1846,Monmouth,79978.0,New Jersey
1847,Morris,98842.0,New Jersey
1848,Ocean,52008.0,New Jersey
1849,Passaic,50570.0,New Jersey
1850,Salem,48496.0,New Jersey
1851,Somerset,106194.0,New Jersey
1852,Sussex,61757.0,New Jersey
1853,Union,68262.0,New Jersey
1854,Warren,56058.0,New Jersey
1857,Bernalillo,44057.0,New Mexico
1858,Catron,32010.0,New Mexico
1859,Chaves,40322.0,New Mexico
1860,Cibola,28130.0,New Mexico
1861,Colfax,39826.0,New Mexico
1862,Curry,44161.0,New Mexico
1863,De Baca,39634.0,New Mexico
1864,Doa Ana,36570.0,New Mexico
1865,Eddy,54122.0,New Mexico
1866,Grant,41026.0,New Mexico
1867,Guadalupe,32994.0,New Mexico
1868,Harding,38716.0,New Mexico
1869,Hidalgo,41555.0,New Mexico
1870,Lea,44437.0,New Mexico
1871,Lincoln,41793.0,New Mexico
1872,Los Alamos,70600.0,New Mexico
1873,Luna,31140.0,New Mexico
1874,McKinley,27771.0,New Mexico
1875,Mora,35534.0,New Mexico
1876,Otero,34636.0,New Mexico
1877,Quay,38223.0,New Mexico
1878,Rio Arriba,34582.0,New Mexico
1879,Roosevelt,39446.0,New Mexico
1880,Sandoval,41547.0,New Mexico
1881,San Juan,35453.0,New Mexico
1882,San Miguel,34579.0,New Mexico
1883,Santa Fe,58510.0,New Mexico
1884,Sierra,38984.0,New Mexico
1885,Socorro,34699.0,New Mexico
1886,Taos,38455.0,New Mexico
1887,Torrance,30245.0,New Mexico
1888,Union,32620.0,New Mexico
1889,Valencia,33424.0,New Mexico
1892,Albany,61201.0,New York
1893,Allegany,34880.0,New York
1894,Bronx,37376.0,New York
1895,Broome,44540.0,New York
1896,Cattaraugus,39995.0,New York
1897,Cayuga,42231.0,New York
1898,Chautauqua,40759.0,New York
1899,Chemung,44373.0,New York
1900,Chenango,41840.0,New York
1901,Clinton,44081.0,New York
1902,Columbia,55810.0,New York
1903,Cortland,40691.0,New York
1904,Delaware,39632.0,New York
1905,Dutchess,56365.0,New York
1906,Erie,51539.0,New York
1907,Essex,45996.0,New York
1908,Franklin,37644.0,New York
1909,Fulton,43112.0,New York
1910,Genesee,43582.0,New York
1911,Greene,47008.0,New York
1912,Hamilton,54086.0,New York
1913,Herkimer,41581.0,New York
1914,Jefferson,46924.0,New York
1915,Kings,52192.0,New York
1916,Lewis,43971.0,New York
1917,Livingston,45908.0,New York
1918,Madison,44502.0,New York
1919,Monroe,52951.0,New York
1920,Montgomery,41628.0,New York
1921,Nassau,89839.0,New York
1923,Niagara,45501.0,New York
1924,Oneida,44697.0,New York
1925,Onondaga,52886.0,New York
1926,Ontario,53498.0,New York
1927,Orange,51848.0,New York
1928,Orleans,38963.0,New York
1929,Oswego,40538.0,New York
1930,Otsego,43522.0,New York
1931,Putnam,65833.0,New York
1932,Queens,49777.0,New York
1933,Rensselaer,49156.0,New York
1934,Richmond,56749.0,New York
1935,Rockland,60464.0,New York
1936,St. Lawrence,37940.0,New York
1937,Saratoga,67618.0,New York
1938,Schenectady,50533.0,New York
1939,Schoharie,40791.0,New York
1940,Schuyler,42063.0,New York
1941,Seneca,38593.0,New York
1942,Steuben,45194.0,New York
1943,Suffolk,68617.0,New York
1944,Sullivan,46303.0,New York
1945,Tioga,45910.0,New York
1946,Tompkins,45282.0,New York
1947,Ulster,50462.0,New York
1948,Warren,52475.0,New York
1949,Washington,40043.0,New York
1950,Wayne,46048.0,New York
1951,Westchester,108976.0,New York
1952,Wyoming,39801.0,New York
1953,Yates,39402.0,New York
1956,Alamance,39342.0,North Carolina
1957,Alexander,37438.0,North Carolina
1958,Alleghany,37549.0,North Carolina
1959,Anson,34616.0,North Carolina
1960,Ashe,36300.0,North Carolina
1961,Avery,36574.0,North Carolina
1962,Beaufort,41643.0,North Carolina
1963,Bertie,34766.0,North Carolina
1964,Bladen,34306.0,North Carolina
1965,Brunswick,42749.0,North Carolina
1966,Buncombe,48592.0,North Carolina
1967,Burke,35265.0,North Carolina
1968,Cabarrus,45220.0,North Carolina
1969,Caldwell,35374.0,North Carolina
1970,Camden,45335.0,North Carolina
1971,Carteret,49360.0,North Carolina
1972,Caswell,35591.0,North Carolina
1973,Catawba,45342.0,North Carolina
1974,Chatham,63041.0,North Carolina
1975,Cherokee,32266.0,North Carolina
1976,Chowan,40817.0,North Carolina
1977,Clay,34057.0,North Carolina
1978,Cleveland,37661.0,North Carolina
1979,Columbus,32397.0,North Carolina
1980,Craven,43665.0,North Carolina
1981,Cumberland,38780.0,North Carolina
1982,Currituck,45435.0,North Carolina
1983,Dare,56314.0,North Carolina
1984,Davidson,39087.0,North Carolina
1985,Davie,47630.0,North Carolina
1986,Duplin,33619.0,North Carolina
1987,Durham,50698.0,North Carolina
1988,Edgecombe,34946.0,North Carolina
1989,Forsyth,48804.0,North Carolina
1990,Franklin,36238.0,North Carolina
1991,Gaston,41379.0,North Carolina
1992,Gates,36060.0,North Carolina
1993,Graham,33075.0,North Carolina
1994,Granville,38652.0,North Carolina
1995,Greene,32569.0,North Carolina
1996,Guilford,45875.0,North Carolina
1997,Halifax,36013.0,North Carolina
1998,Harnett,34604.0,North Carolina
1999,Haywood,40290.0,North Carolina
2000,Henderson,43276.0,North Carolina
2001,Hertford,32702.0,North Carolina
2002,Hoke,31148.0,North Carolina
2003,Hyde,43490.0,North Carolina
2004,Iredell,50065.0,North Carolina
2005,Jackson,32844.0,North Carolina
2006,Johnston,39922.0,North Carolina
2007,Jones,38536.0,North Carolina
2008,Lee,40098.0,North Carolina
2009,Lenoir,40922.0,North Carolina
2010,Lincoln,45791.0,North Carolina
2011,McDowell,34077.0,North Carolina
2012,Macon,40057.0,North Carolina
2013,Madison,34036.0,North Carolina
2014,Martin,34647.0,North Carolina
2015,Mecklenburg,61137.0,North Carolina
2016,Mitchell,35932.0,North Carolina
2017,Montgomery,35611.0,North Carolina
2018,Moore,51307.0,North Carolina
2019,Nash,42016.0,North Carolina
2020,New Hanover,45290.0,North Carolina
2021,Northampton,34185.0,North Carolina
2022,Onslow,46142.0,North Carolina
2023,Orange,67385.0,North Carolina
2024,Pamlico,43532.0,North Carolina
2025,Pasquotank,39417.0,North Carolina
2026,Pender,35914.0,North Carolina
2027,Perquimans,40781.0,North Carolina
2028,Person,38202.0,North Carolina
2029,Pitt,41191.0,North Carolina
2030,Polk,45291.0,North Carolina
2031,Randolph,37017.0,North Carolina
2032,Richmond,35148.0,North Carolina
2033,Robeson,29438.0,North Carolina
2034,Rockingham,37137.0,North Carolina
2035,Rowan,38089.0,North Carolina
2036,Rutherford,32764.0,North Carolina
2037,Sampson,35900.0,North Carolina
2038,Scotland,33229.0,North Carolina
2039,Stanly,39047.0,North Carolina
2040,Stokes,36850.0,North Carolina
2041,Surry,38522.0,North Carolina
2042,Swain,38429.0,North Carolina
2043,Transylvania,42070.0,North Carolina
2044,Tyrrell,30000.0,North Carolina
2045,Union,51326.0,North Carolina
2046,Vance,35105.0,North Carolina
2047,Wake,59014.0,North Carolina
2048,Warren,30397.0,North Carolina
2049,Washington,36073.0,North Carolina
2050,Watauga,36684.0,North Carolina
2051,Wayne,38472.0,North Carolina
2052,Wilkes,36576.0,North Carolina
2053,Wilson,40501.0,North Carolina
2054,Yadkin,37027.0,North Carolina
2055,Yancey,36715.0,North Carolina
2058,Adams,59197.0,North Dakota
2059,Barnes,55784.0,North Dakota
2060,Benson,34482.0,North Dakota
2061,Billings,74682.0,North Dakota
2062,Bottineau,58823.0,North Dakota
2063,Bowman,60829.0,North Dakota
2064,Burke,63721.0,North Dakota
2065,Burleigh,58173.0,North Dakota
2066,Cass,56070.0,North Dakota
2067,Cavalier,68040.0,North Dakota
2068,Dickey,52437.0,North Dakota
2069,Divide,48574.0,North Dakota
2070,Dunn,60338.0,North Dakota
2071,Eddy,54013.0,North Dakota
2072,Emmons,49489.0,North Dakota
2073,Foster,62928.0,North Dakota
2074,Golden Valley,43871.0,North Dakota
2075,Grand Forks,51494.0,North Dakota
2076,Grant,38371.0,North Dakota
2077,Griggs,55349.0,North Dakota
2078,Hettinger,51130.0,North Dakota
2079,Kidder,50285.0,North Dakota
2080,LaMoure,56134.0,North Dakota
2081,Logan,60543.0,North Dakota
2082,McHenry,52233.0,North Dakota
2083,McIntosh,59596.0,North Dakota
2084,McKenzie,62549.0,North Dakota
2085,McLean,54518.0,North Dakota
2086,Mercer,57839.0,North Dakota
2087,Morton,52153.0,North Dakota
2088,Mountrail,58955.0,North Dakota
2089,Nelson,60817.0,North Dakota
2090,Oliver,48290.0,North Dakota
2091,Pembina,50088.0,North Dakota
2092,Pierce,52070.0,North Dakota
2093,Ramsey,47425.0,North Dakota
2094,Ransom,55912.0,North Dakota
2095,Renville,60976.0,North Dakota
2096,Richland,53007.0,North Dakota
2097,Rolette,36647.0,North Dakota
2098,Sargent,65448.0,North Dakota
2099,Sheridan,35497.0,North Dakota
2100,Sioux,27662.0,North Dakota
2101,Slope,49476.0,North Dakota
2102,Stark,61032.0,North Dakota
2103,Steele,63327.0,North Dakota
2104,Stutsman,54491.0,North Dakota
2105,Towner,53786.0,North Dakota
2106,Traill,51103.0,North Dakota
2107,Walsh,48945.0,North Dakota
2108,Ward,55214.0,North Dakota
2109,Wells,55328.0,North Dakota
2110,Williams,68874.0,North Dakota
2113,Adams,34632.0,Ohio
2114,Allen,42816.0,Ohio
2115,Ashland,38441.0,Ohio
2116,Ashtabula,38461.0,Ohio
2117,Athens,33274.0,Ohio
2118,Auglaize,49578.0,Ohio
2119,Belmont,42429.0,Ohio
2120,Brown,37259.0,Ohio
2121,Butler,47408.0,Ohio
2122,Carroll,39698.0,Ohio
2123,Champaign,41055.0,Ohio
2124,Clark,40769.0,Ohio
2125,Clermont,53770.0,Ohio
2126,Clinton,45728.0,Ohio
2127,Columbiana,38013.0,Ohio
2128,Coshocton,34856.0,Ohio
2129,Crawford,38704.0,Ohio
2130,Cuyahoga,54739.0,Ohio
2131,Darke,42793.0,Ohio
2132,Defiance,41540.0,Ohio
2133,Delaware,74093.0,Ohio
2134,Erie,62591.0,Ohio
2135,Fairfield,46113.0,Ohio
2136,Fayette,38449.0,Ohio
2137,Franklin,50443.0,Ohio
2138,Fulton,45594.0,Ohio
2139,Gallia,39864.0,Ohio
2140,Geauga,69129.0,Ohio
2141,Greene,50291.0,Ohio
2142,Guernsey,39878.0,Ohio
2143,Hamilton,59561.0,Ohio
2144,Hancock,51623.0,Ohio
2145,Hardin,33482.0,Ohio
2146,Harrison,38573.0,Ohio
2147,Henry,45884.0,Ohio
2148,Highland,36326.0,Ohio
2149,Hocking,38047.0,Ohio
2150,Holmes,45211.0,Ohio
2151,Huron,40323.0,Ohio
2152,Jackson,35783.0,Ohio
2153,Jefferson,39311.0,Ohio
2154,Knox,42162.0,Ohio
2155,Lake,50729.0,Ohio
2156,Lawrence,38673.0,Ohio
2157,Licking,46059.0,Ohio
2158,Logan,42914.0,Ohio
2159,Lorain,46147.0,Ohio
2160,Lucas,46290.0,Ohio
2161,Madison,41751.0,Ohio
2162,Mahoning,43097.0,Ohio
2163,Marion,38252.0,Ohio
2164,Medina,55691.0,Ohio
2165,Meigs,34067.0,Ohio
2166,Mercer,51562.0,Ohio
2167,Miami,47552.0,Ohio
2168,Monroe,34665.0,Ohio
2169,Montgomery,46891.0,Ohio
2170,Morgan,33180.0,Ohio
2171,Morrow,38666.0,Ohio
2172,Muskingum,40614.0,Ohio
2173,Noble,27211.0,Ohio
2174,Ottawa,51637.0,Ohio
2175,Paulding,41032.0,Ohio
2176,Perry,37187.0,Ohio
2177,Pickaway,41131.0,Ohio
2178,Pike,37443.0,Ohio
2179,Portage,44055.0,Ohio
2180,Preble,40607.0,Ohio
2181,Putnam,50059.0,Ohio
2182,Richland,39234.0,Ohio
2183,Ross,36941.0,Ohio
2184,Sandusky,41624.0,Ohio
2185,Scioto,39080.0,Ohio
2186,Seneca,39681.0,Ohio
2187,Shelby,46188.0,Ohio
2188,Stark,45136.0,Ohio
2189,Summit,51036.0,Ohio
2190,Trumbull,41363.0,Ohio
2191,Tuscarawas,43358.0,Ohio
2192,Union,55470.0,Ohio
2193,Van Wert,42638.0,Ohio
2194,Vinton,33120.0,Ohio
2195,Warren,59799.0,Ohio
2196,Washington,43396.0,Ohio
2197,Wayne,44039.0,Ohio
2198,Williams,41712.0,Ohio
2199,Wood,47694.0,Ohio
2200,Wyandot,45588.0,Ohio
2203,Adair,28862.0,Oklahoma
2204,Alfalfa,40624.0,Oklahoma
2205,Atoka,32379.0,Oklahoma
2206,Beaver,49106.0,Oklahoma
2207,Beckham,37948.0,Oklahoma
2208,Blaine,41493.0,Oklahoma
2209,Bryan,34575.0,Oklahoma
2210,Caddo,35239.0,Oklahoma
2211,Canadian,44878.0,Oklahoma
2212,Carter,43079.0,Oklahoma
2213,Cherokee,32290.0,Oklahoma
2214,Choctaw,31885.0,Oklahoma
2215,Cimarron,60706.0,Oklahoma
2216,Cleveland,45094.0,Oklahoma
2217,Coal,33783.0,Oklahoma
2218,Comanche,41497.0,Oklahoma
2219,Cotton,41766.0,Oklahoma
2220,Craig,35718.0,Oklahoma
2221,Creek,40791.0,Oklahoma
2222,Custer,41652.0,Oklahoma
2223,Delaware,31188.0,Oklahoma
2224,Dewey,44529.0,Oklahoma
2225,Ellis,51570.0,Oklahoma
2226,Garfield,44465.0,Oklahoma
2227,Garvin,38135.0,Oklahoma
2228,Grady,39675.0,Oklahoma
2229,Grant,45182.0,Oklahoma
2230,Greer,26344.0,Oklahoma
2231,Harmon,35642.0,Oklahoma
2232,Harper,46436.0,Oklahoma
2233,Haskell,32365.0,Oklahoma
2234,Hughes,31833.0,Oklahoma
2235,Jackson,38527.0,Oklahoma
2236,Jefferson,32083.0,Oklahoma
2237,Johnston,36611.0,Oklahoma
2238,Kay,40881.0,Oklahoma
2239,Kingfisher,49257.0,Oklahoma
2240,Kiowa,32546.0,Oklahoma
2241,Latimer,32707.0,Oklahoma
2242,Le Flore,32677.0,Oklahoma
2243,Lincoln,35653.0,Oklahoma
2244,Logan,43169.0,Oklahoma
2245,Love,37547.0,Oklahoma
2246,McClain,45143.0,Oklahoma
2247,McCurtain,31648.0,Oklahoma
2248,McIntosh,33267.0,Oklahoma
2249,Major,43762.0,Oklahoma
2250,Marshall,32681.0,Oklahoma
2251,Mayes,35197.0,Oklahoma
2252,Murray,42289.0,Oklahoma
2253,Muskogee,36759.0,Oklahoma
2254,Noble,41401.0,Oklahoma
2255,Nowata,36165.0,Oklahoma
2256,Okfuskee,30092.0,Oklahoma
2258,Okmulgee,33971.0,Oklahoma
2259,Osage,34971.0,Oklahoma
2260,Ottawa,35746.0,Oklahoma
2261,Pawnee,35836.0,Oklahoma
2262,Payne,37159.0,Oklahoma
2263,Pittsburg,38551.0,Oklahoma
2264,Pontotoc,43148.0,Oklahoma
2265,Pottawatomie,37456.0,Oklahoma
2266,Pushmataha,31395.0,Oklahoma
2267,Roger Mills,48554.0,Oklahoma
2268,Rogers,45815.0,Oklahoma
2269,Seminole,34054.0,Oklahoma
2270,Sequoyah,33420.0,Oklahoma
2271,Stephens,41413.0,Oklahoma
2272,Texas,46597.0,Oklahoma
2273,Tillman,39961.0,Oklahoma
2274,Tulsa,62756.0,Oklahoma
2275,Wagoner,39550.0,Oklahoma
2276,Washington,64481.0,Oklahoma
2277,Washita,36490.0,Oklahoma
2278,Woods,42890.0,Oklahoma
2279,Woodward,43906.0,Oklahoma
2282,Baker,40699.0,Oregon
2283,Benton,47019.0,Oregon
2284,Clackamas,58608.0,Oregon
2285,Clatsop,45069.0,Oregon
2286,Columbia,44312.0,Oregon
2287,Coos,43620.0,Oregon
2288,Crook,40945.0,Oregon
2289,Curry,42657.0,Oregon
2290,Deschutes,55143.0,Oregon
2291,Douglas,40408.0,Oregon
2292,Gilliam,48448.0,Oregon
2293,Grant,41939.0,Oregon
2294,Harney,39122.0,Oregon
2295,Hood River,56624.0,Oregon
2296,Jackson,46603.0,Oregon
2297,Jefferson,32962.0,Oregon
2298,Josephine,40977.0,Oregon
2299,Klamath,39891.0,Oregon
2300,Lake,39797.0,Oregon
2301,Lane,45919.0,Oregon
2302,Lincoln,44119.0,Oregon
2303,Linn,42891.0,Oregon
2304,Malheur,30992.0,Oregon
2305,Marion,43042.0,Oregon
2306,Morrow,39095.0,Oregon
2307,Multnomah,57850.0,Oregon
2308,Polk,41379.0,Oregon
2309,Sherman,52296.0,Oregon
2310,Tillamook,44492.0,Oregon
2311,Umatilla,39684.0,Oregon
2312,Union,40547.0,Oregon
2313,Wallowa,45099.0,Oregon
2314,Wasco,43658.0,Oregon
2315,Washington,60971.0,Oregon
2316,Wheeler,37142.0,Oregon
2317,Yamhill,45478.0,Oregon
2320,Adams,49173.0,Pennsylvania
2321,Allegheny,62958.0,Pennsylvania
2322,Armstrong,45510.0,Pennsylvania
2323,Beaver,48763.0,Pennsylvania
2324,Bedford,42889.0,Pennsylvania
2325,Berks,49945.0,Pennsylvania
2326,Blair,46743.0,Pennsylvania
2327,Bradford,41331.0,Pennsylvania
2328,Bucks,73447.0,Pennsylvania
2329,Butler,58927.0,Pennsylvania
2330,Cambria,43420.0,Pennsylvania
2331,Cameron,48651.0,Pennsylvania
2332,Carbon,50322.0,Pennsylvania
2333,Centre,46193.0,Pennsylvania
2334,Chester,82846.0,Pennsylvania
2335,Clarion,41732.0,Pennsylvania
2336,Clearfield,44421.0,Pennsylvania
2337,Clinton,39716.0,Pennsylvania
2338,Columbia,42211.0,Pennsylvania
2339,Crawford,40969.0,Pennsylvania
2340,Cumberland,55141.0,Pennsylvania
2341,Dauphin,51100.0,Pennsylvania
2342,Delaware,66617.0,Pennsylvania
2343,Elk,48886.0,Pennsylvania
2344,Erie,44903.0,Pennsylvania
2345,Fayette,42649.0,Pennsylvania
2346,Forest,22787.0,Pennsylvania
2347,Franklin,46403.0,Pennsylvania
2348,Fulton,45522.0,Pennsylvania
2349,Greene,44751.0,Pennsylvania
2350,Huntingdon,38558.0,Pennsylvania
2351,Indiana,39923.0,Pennsylvania
2352,Jefferson,44136.0,Pennsylvania
2353,Juniata,45277.0,Pennsylvania
2354,Lackawanna,47730.0,Pennsylvania
2355,Lancaster,52664.0,Pennsylvania
2356,Lawrence,43929.0,Pennsylvania
2357,Lebanon,48352.0,Pennsylvania
2358,Lehigh,53614.0,Pennsylvania
2359,Luzerne,45219.0,Pennsylvania
2360,Lycoming,43823.0,Pennsylvania
2361,McKean,45261.0,Pennsylvania
2362,Mercer,43024.0,Pennsylvania
2363,Mifflin,39738.0,Pennsylvania
2364,Monroe,42722.0,Pennsylvania
2365,Montgomery,80606.0,Pennsylvania
2366,Montour,57426.0,Pennsylvania
2367,Northampton,54859.0,Pennsylvania
2368,Northumberland,41712.0,Pennsylvania
2369,Perry,44693.0,Pennsylvania
2370,Philadelphia,55747.0,Pennsylvania
2371,Pike,47864.0,Pennsylvania
2372,Potter,42819.0,Pennsylvania
2373,Schuylkill,42862.0,Pennsylvania
2374,Snyder,42449.0,Pennsylvania
2375,Somerset,42179.0,Pennsylvania
2376,Sullivan,46097.0,Pennsylvania
2377,Susquehanna,45336.0,Pennsylvania
2378,Tioga,41039.0,Pennsylvania
2379,Union,41246.0,Pennsylvania
2380,Venango,42223.0,Pennsylvania
2381,Warren,42875.0,Pennsylvania
2382,Washington,59568.0,Pennsylvania
2383,Wayne,43996.0,Pennsylvania
2384,Westmoreland,52200.0,Pennsylvania
2385,Wyoming,45285.0,Pennsylvania
2386,York,50113.0,Pennsylvania
2389,Bristol,78805.0,Rhode Island
2390,Kent,59665.0,Rhode Island
2391,Newport,68679.0,Rhode Island
2392,Providence,48137.0,Rhode Island
2393,Washington,64158.0,Rhode Island
2396,Abbeville,34108.0,South Carolina
2397,Aiken,42511.0,South Carolina
2398,Allendale,33237.0,South Carolina
2399,Anderson,39710.0,South Carolina
2400,Bamberg,32858.0,South Carolina
2401,Barnwell,33363.0,South Carolina
2402,Beaufort,56711.0,South Carolina
2403,Berkeley,40415.0,South Carolina
2404,Calhoun,38451.0,South Carolina
2405,Charleston,61477.0,South Carolina
2406,Cherokee,33197.0,South Carolina
2407,Chester,34014.0,South Carolina
2408,Chesterfield,31012.0,South Carolina
2409,Clarendon,33197.0,South Carolina
2410,Colleton,35697.0,South Carolina
2411,Darlington,37475.0,South Carolina
2412,Dillon,27718.0,South Carolina
2413,Dorchester,38892.0,South Carolina
2414,Edgefield,36436.0,South Carolina
2415,Fairfield,36758.0,South Carolina
2416,Florence,41833.0,South Carolina
2417,Georgetown,47071.0,South Carolina
2418,Greenville,48644.0,South Carolina
2419,Greenwood,37424.0,South Carolina
2420,Hampton,32473.0,South Carolina
2421,Horry,37091.0,South Carolina
2422,Jasper,29242.0,South Carolina
2423,Kershaw,41227.0,South Carolina
2424,Lancaster,49127.0,South Carolina
2425,Laurens,34622.0,South Carolina
2426,Lee,32708.0,South Carolina
2427,Lexington,46513.0,South Carolina
2428,McCormick,38513.0,South Carolina
2429,Marion,31492.0,South Carolina
2430,Marlboro,31562.0,South Carolina
2431,Newberry,37793.0,South Carolina
2432,Oconee,43312.0,South Carolina
2433,Orangeburg,33818.0,South Carolina
2434,Pickens,38344.0,South Carolina
2435,Richland,45529.0,South Carolina
2436,Saluda,34455.0,South Carolina
2437,Spartanburg,43148.0,South Carolina
2438,Sumter,38603.0,South Carolina
2439,Union,32745.0,South Carolina
2440,Williamsburg,32726.0,South Carolina
2441,York,46667.0,South Carolina
2444,Aurora,45253.0,South Dakota
2445,Beadle,49246.0,South Dakota
2446,Bennett,29462.0,South Dakota
2447,Bon Homme,38851.0,South Dakota
2448,Brookings,46302.0,South Dakota
2449,Brown,52652.0,South Dakota
2450,Brule,46570.0,South Dakota
2451,Buffalo,23341.0,South Dakota
2452,Butte,38639.0,South Dakota
2453,Campbell,50232.0,South Dakota
2454,Charles Mix,44877.0,South Dakota
2455,Clark,48261.0,South Dakota
2456,Clay,39485.0,South Dakota
2457,Codington,49518.0,South Dakota
2458,Corson,29927.0,South Dakota
2459,Custer,48334.0,South Dakota
2460,Davison,50794.0,South Dakota
2461,Day,47352.0,South Dakota
2462,Deuel,51766.0,South Dakota
2463,Dewey,35720.0,South Dakota
2464,Douglas,57808.0,South Dakota
2465,Edmunds,52029.0,South Dakota
2466,Fall River,46885.0,South Dakota
2467,Faulk,42762.0,South Dakota
2468,Grant,57069.0,South Dakota
2469,Gregory,48209.0,South Dakota
2470,Haakon,49880.0,South Dakota
2471,Hamlin,44209.0,South Dakota
2472,Hand,55673.0,South Dakota
2473,Hanson,66614.0,South Dakota
2474,Harding,51036.0,South Dakota
2475,Hughes,52986.0,South Dakota
2476,Hutchinson,53179.0,South Dakota
2477,Hyde,52133.0,South Dakota
2478,Jackson,26835.0,South Dakota
2479,Jerauld,54425.0,South Dakota
2480,Jones,60001.0,South Dakota
2481,Kingsbury,50975.0,South Dakota
2482,Lake,52401.0,South Dakota
2483,Lawrence,50232.0,South Dakota
2484,Lincoln,67364.0,South Dakota
2485,Lyman,47431.0,South Dakota
2486,McCook,52453.0,South Dakota
2487,McPherson,38625.0,South Dakota
2488,Marshall,48721.0,South Dakota
2489,Meade,43015.0,South Dakota
2490,Mellette,28152.0,South Dakota
2491,Miner,52938.0,South Dakota
2492,Minnehaha,57223.0,South Dakota
2493,Moody,49690.0,South Dakota
2494,Oglala Lakota,25047.0,South Dakota
2495,Pennington,51369.0,South Dakota
2496,Perkins,42195.0,South Dakota
2497,Potter,70768.0,South Dakota
2498,Roberts,36929.0,South Dakota
2499,Sanborn,48731.0,South Dakota
2500,Spink,52479.0,South Dakota
2501,Stanley,73776.0,South Dakota
2502,Sully,76036.0,South Dakota
2503,Todd,25157.0,South Dakota
2504,Tripp,49835.0,South Dakota
2505,Turner,62019.0,South Dakota
2506,Union,107497.0,South Dakota
2507,Walworth,45924.0,South Dakota
2508,Yankton,50275.0,South Dakota
2509,Ziebach,20571.0,South Dakota
2512,Anderson,41853.0,Tennessee
2513,Bedford,37266.0,Tennessee
2514,Benton,33661.0,Tennessee
2515,Bledsoe,26281.0,Tennessee
2516,Blount,42991.0,Tennessee
2517,Bradley,39099.0,Tennessee
2518,Campbell,33967.0,Tennessee
2519,Cannon,36113.0,Tennessee
2520,Carroll,35900.0,Tennessee
2521,Carter,34579.0,Tennessee
2522,Cheatham,43932.0,Tennessee
2523,Chester,33642.0,Tennessee
2524,Claiborne,35384.0,Tennessee
2525,Clay,31013.0,Tennessee
2526,Cocke,31942.0,Tennessee
2527,Coffee,38656.0,Tennessee
2528,Crockett,36560.0,Tennessee
2529,Cumberland,36613.0,Tennessee
2530,Davidson,66060.0,Tennessee
2531,Decatur,42639.0,Tennessee
2532,DeKalb,40132.0,Tennessee
2533,Dickson,40556.0,Tennessee
2534,Dyer,40642.0,Tennessee
2535,Fayette,55364.0,Tennessee
2536,Fentress,32232.0,Tennessee
2537,Franklin,38880.0,Tennessee
2538,Gibson,38654.0,Tennessee
2539,Giles,38766.0,Tennessee
2540,Grainger,33490.0,Tennessee
2541,Greene,39971.0,Tennessee
2542,Grundy,31011.0,Tennessee
2543,Hamblen,36636.0,Tennessee
2544,Hamilton,51743.0,Tennessee
2545,Hancock,27042.0,Tennessee
2546,Hardeman,29430.0,Tennessee
2547,Hardin,39387.0,Tennessee
2548,Hawkins,34188.0,Tennessee
2549,Haywood,32023.0,Tennessee
2550,Henderson,35748.0,Tennessee
2551,Henry,41989.0,Tennessee
2552,Hickman,32780.0,Tennessee
2553,Houston,32822.0,Tennessee
2554,Humphreys,38665.0,Tennessee
2555,Jackson,31189.0,Tennessee
2556,Jefferson,35866.0,Tennessee
2557,Johnson,32249.0,Tennessee
2558,Knox,49738.0,Tennessee
2559,Lake,23230.0,Tennessee
2560,Lauderdale,29187.0,Tennessee
2561,Lawrence,35252.0,Tennessee
2562,Lewis,34432.0,Tennessee
2563,Lincoln,41388.0,Tennessee
2564,Loudon,48491.0,Tennessee
2565,McMinn,35897.0,Tennessee
2566,McNairy,32573.0,Tennessee
2567,Macon,33297.0,Tennessee
2568,Madison,42720.0,Tennessee
2569,Marion,38450.0,Tennessee
2570,Marshall,37550.0,Tennessee
2571,Maury,42696.0,Tennessee
2572,Meigs,33526.0,Tennessee
2573,Monroe,33338.0,Tennessee
2574,Montgomery,41031.0,Tennessee
2575,Moore,41276.0,Tennessee
2576,Morgan,29380.0,Tennessee
2577,Obion,40666.0,Tennessee
2578,Overton,33701.0,Tennessee
2579,Perry,34268.0,Tennessee
2580,Pickett,39686.0,Tennessee
2581,Polk,33772.0,Tennessee
2582,Putnam,39509.0,Tennessee
2583,Rhea,34147.0,Tennessee
2584,Roane,40980.0,Tennessee
2585,Robertson,42104.0,Tennessee
2586,Rutherford,41031.0,Tennessee
2587,Scott,29758.0,Tennessee
2588,Sequatchie,38003.0,Tennessee
2589,Sevier,39474.0,Tennessee
2590,Shelby,49465.0,Tennessee
2591,Smith,37742.0,Tennessee
2592,Stewart,39853.0,Tennessee
2593,Sullivan,42606.0,Tennessee
2594,Sumner,48656.0,Tennessee
2595,Tipton,38547.0,Tennessee
2596,Trousdale,30090.0,Tennessee
2597,Unicoi,37423.0,Tennessee
2598,Union,31693.0,Tennessee
2599,Van Buren,30770.0,Tennessee
2600,Warren,33970.0,Tennessee
2601,Washington,43299.0,Tennessee
2602,Wayne,28962.0,Tennessee
2603,Weakley,37316.0,Tennessee
2604,White,32477.0,Tennessee
2605,Williamson,94872.0,Tennessee
2606,Wilson,49092.0,Tennessee
2609,Anderson,34242.0,Texas
2610,Andrews,50011.0,Texas
2611,Angelina,38897.0,Texas
2612,Aransas,48389.0,Texas
2613,Archer,50310.0,Texas
2614,Armstrong,47995.0,Texas
2615,Atascosa,36660.0,Texas
2616,Austin,50702.0,Texas
2617,Bailey,42507.0,Texas
2618,Bandera,43459.0,Texas
2619,Bastrop,36561.0,Texas
2620,Baylor,41704.0,Texas
2621,Bee,28457.0,Texas
2622,Bell,42773.0,Texas
2623,Bexar,46058.0,Texas
2624,Blanco,51968.0,Texas
2625,Borden,63756.0,Texas
2626,Bosque,41592.0,Texas
2627,Bowie,40010.0,Texas
2628,Brazoria,47239.0,Texas
2629,Brazos,39216.0,Texas
2630,Brewster,45652.0,Texas
2631,Briscoe,35243.0,Texas
2632,Brooks,33861.0,Texas
2633,Brown,38830.0,Texas
2634,Burleson,42629.0,Texas
2635,Burnet,46516.0,Texas
2636,Caldwell,33668.0,Texas
2637,Calhoun,38668.0,Texas
2638,Callahan,39392.0,Texas
2639,Cameron,28756.0,Texas
2640,Camp,38660.0,Texas
2641,Carson,46373.0,Texas
2642,Cass,36905.0,Texas
2643,Castro,42786.0,Texas
2644,Chambers,53673.0,Texas
2645,Cherokee,34468.0,Texas
2646,Childress,30084.0,Texas
2647,Clay,42335.0,Texas
2648,Cochran,38312.0,Texas
2649,Coke,41895.0,Texas
2650,Coleman,40669.0,Texas
2651,Collin,65874.0,Texas
2652,Collingsworth,33039.0,Texas
2653,Colorado,46821.0,Texas
2654,Comal,58067.0,Texas
2655,Comanche,42465.0,Texas
2656,Concho,19801.0,Texas
2657,Cooke,54174.0,Texas
2658,Coryell,33996.0,Texas
2659,Cottle,57288.0,Texas
2660,Crane,47758.0,Texas
2661,Crockett,41472.0,Texas
2662,Crosby,30773.0,Texas
2663,Culberson,54180.0,Texas
2664,Dallam,52148.0,Texas
2665,Dallas,58993.0,Texas
2666,Dawson,37111.0,Texas
2667,Deaf Smith,40470.0,Texas
2668,Delta,34803.0,Texas
2669,Denton,55933.0,Texas
2670,DeWitt,54549.0,Texas
2671,Dickens,31586.0,Texas
2672,Dimmit,36639.0,Texas
2673,Donley,45736.0,Texas
2674,Duval,36418.0,Texas
2675,Eastland,71142.0,Texas
2676,Ector,47271.0,Texas
2677,Edwards,35182.0,Texas
2678,Ellis,44313.0,Texas
2679,El Paso,35856.0,Texas
2680,Erath,39572.0,Texas
2681,Falls,34619.0,Texas
2682,Fannin,37605.0,Texas
2683,Fayette,53564.0,Texas
2684,Fisher,46444.0,Texas
2685,Floyd,37367.0,Texas
2686,Foard,42954.0,Texas
2687,Fort Bend,57540.0,Texas
2688,Franklin,39730.0,Texas
2689,Freestone,37066.0,Texas
2690,Frio,27545.0,Texas
2691,Gaines,36009.0,Texas
2692,Galveston,51785.0,Texas
2693,Garza,30072.0,Texas
2694,Gillespie,60561.0,Texas
2695,Glasscock,102145.0,Texas
2696,Goliad,43858.0,Texas
2697,Gonzales,43342.0,Texas
2698,Gray,44002.0,Texas
2699,Grayson,42195.0,Texas
2700,Gregg,45401.0,Texas
2701,Grimes,35450.0,Texas
2702,Guadalupe,44809.0,Texas
2703,Hale,32263.0,Texas
2704,Hall,30180.0,Texas
2705,Hamilton,60744.0,Texas
2706,Hansford,62998.0,Texas
2707,Hardeman,38212.0,Texas
2708,Hardin,45982.0,Texas
2709,Harris,56474.0,Texas
2710,Harrison,41917.0,Texas
2711,Hartley,62463.0,Texas
2712,Haskell,34530.0,Texas
2713,Hays,43719.0,Texas
2714,Hemphill,58484.0,Texas
2715,Henderson,39627.0,Texas
2716,Hidalgo,26410.0,Texas
2717,Hill,39205.0,Texas
2718,Hockley,38975.0,Texas
2719,Hood,50741.0,Texas
2720,Hopkins,39120.0,Texas
2721,Houston,38081.0,Texas
2722,Howard,40255.0,Texas
2723,Hudspeth,32472.0,Texas
2724,Hunt,38029.0,Texas
2725,Hutchinson,41550.0,Texas
2726,Irion,68327.0,Texas
2727,Jack,44061.0,Texas
2728,Jackson,41770.0,Texas
2729,Jasper,40803.0,Texas
2730,Jeff Davis,42947.0,Texas
2731,Jefferson,44065.0,Texas
2732,Jim Hogg,30696.0,Texas
2733,Jim Wells,40570.0,Texas
2734,Johnson,41697.0,Texas
2735,Jones,30559.0,Texas
2736,Karnes,49593.0,Texas
2737,Kaufman,42837.0,Texas
2738,Kendall,84270.0,Texas
2739,Kenedy,43561.0,Texas
2740,Kent,54858.0,Texas
2741,Kerr,50150.0,Texas
2742,Kimble,43309.0,Texas
2743,King,55661.0,Texas
2744,Kinney,30431.0,Texas
2745,Kleberg,38997.0,Texas
2746,Knox,38457.0,Texas
2747,Lamar,40763.0,Texas
2748,Lamb,38247.0,Texas
2749,Lampasas,49457.0,Texas
2750,La Salle,35809.0,Texas
2751,Lavaca,50919.0,Texas
2752,Lee,46713.0,Texas
2753,Leon,40388.0,Texas
2754,Liberty,37237.0,Texas
2755,Limestone,35771.0,Texas
2756,Lipscomb,64757.0,Texas
2757,Live Oak,35636.0,Texas
2758,Llano,47476.0,Texas
2759,Loving,56730.0,Texas
2760,Lubbock,42569.0,Texas
2761,Lynn,33119.0,Texas
2762,McCulloch,37927.0,Texas
2763,McLennan,41254.0,Texas
2764,McMullen,72150.0,Texas
2765,Madison,30435.0,Texas
2766,Marion,38063.0,Texas
2767,Martin,56021.0,Texas
2768,Mason,44601.0,Texas
2769,Matagorda,40596.0,Texas
2770,Maverick,30505.0,Texas
2771,Medina,39403.0,Texas
2772,Menard,35311.0,Texas
2773,Midland,124455.0,Texas
2774,Milam,36135.0,Texas
2775,Mills,37153.0,Texas
2776,Mitchell,31913.0,Texas
2777,Montague,42074.0,Texas
2778,Montgomery,63605.0,Texas
2779,Moore,41275.0,Texas
2780,Morris,43421.0,Texas
2781,Motley,28938.0,Texas
2782,Nacogdoches,37755.0,Texas
2783,Navarro,37922.0,Texas
2784,Newton,33350.0,Texas
2785,Nolan,43087.0,Texas
2786,Nueces,44378.0,Texas
2787,Ochiltree,57287.0,Texas
2788,Oldham,49120.0,Texas
2789,Orange,44938.0,Texas
2790,Palo Pinto,39125.0,Texas
2791,Panola,43508.0,Texas
2792,Parker,53289.0,Texas
2793,Parmer,44981.0,Texas
2794,Pecos,36584.0,Texas
2795,Polk,39438.0,Texas
2796,Potter,43945.0,Texas
2797,Presidio,42848.0,Texas
2798,Rains,33602.0,Texas
2799,Randall,47966.0,Texas
2800,Reagan,48253.0,Texas
2801,Real,34687.0,Texas
2802,Red River,40648.0,Texas
2803,Reeves,39418.0,Texas
2804,Refugio,42606.0,Texas
2805,Roberts,41971.0,Texas
2806,Robertson,40394.0,Texas
2807,Rockwall,61003.0,Texas
2808,Runnels,39816.0,Texas
2809,Rusk,36485.0,Texas
2810,Sabine,34631.0,Texas
2811,San Augustine,39879.0,Texas
2812,San Jacinto,34514.0,Texas
2813,San Patricio,43945.0,Texas
2814,San Saba,41233.0,Texas
2815,Schleicher,40136.0,Texas
2816,Scurry,42095.0,Texas
2817,Shackelford,130461.0,Texas
2818,Shelby,41666.0,Texas
2819,Sherman,49508.0,Texas
2820,Smith,55229.0,Texas
2821,Somervell,45756.0,Texas
2822,Starr,26316.0,Texas
2823,Stephens,39289.0,Texas
2824,Sterling,58174.0,Texas
2825,Stonewall,53416.0,Texas
2826,Sutton,61478.0,Texas
2827,Swisher,41977.0,Texas
2828,Tarrant,51239.0,Texas
2829,Taylor,45333.0,Texas
2830,Terrell,48024.0,Texas
2831,Terry,32062.0,Texas
2832,Throckmorton,35941.0,Texas
2833,Titus,34718.0,Texas
2834,Tom Green,45993.0,Texas
2835,Travis,67504.0,Texas
2836,Trinity,34514.0,Texas
2837,Tyler,32081.0,Texas
2838,Upshur,36645.0,Texas
2839,Upton,44545.0,Texas
2840,Uvalde,39458.0,Texas
2841,Val Verde,36554.0,Texas
2842,Van Zandt,38200.0,Texas
2843,Victoria,46142.0,Texas
2844,Walker,28016.0,Texas
2845,Waller,39995.0,Texas
2846,Ward,49916.0,Texas
2847,Washington,52265.0,Texas
2848,Webb,31635.0,Texas
2849,Wharton,41473.0,Texas
2850,Wheeler,41801.0,Texas
2851,Wichita,43170.0,Texas
2852,Wilbarger,42041.0,Texas
2853,Willacy,28593.0,Texas
2854,Williamson,50776.0,Texas
2855,Wilson,44255.0,Texas
2856,Winkler,57584.0,Texas
2857,Wise,43752.0,Texas
2858,Wood,38152.0,Texas
2859,Yoakum,41112.0,Texas
2860,Young,50231.0,Texas
2861,Zapata,28294.0,Texas
2862,Zavala,29202.0,Texas
2865,Beaver,33739.0,Utah
2866,Box Elder,37390.0,Utah
2867,Cache,38974.0,Utah
2868,Carbon,38499.0,Utah
2869,Daggett,41157.0,Utah
2870,Davis,46286.0,Utah
2871,Duchesne,36709.0,Utah
2872,Emery,33145.0,Utah
2873,Garfield,36688.0,Utah
2874,Grand,54010.0,Utah
2875,Iron,32197.0,Utah
2876,Juab,36087.0,Utah
2877,Kane,40257.0,Utah
2878,Millard,35196.0,Utah
2879,Morgan,52426.0,Utah
2880,Piute,33716.0,Utah
2881,Rich,35436.0,Utah
2882,Salt Lake,52639.0,Utah
2883,San Juan,26638.0,Utah
2884,Sanpete,29209.0,Utah
2885,Sevier,34117.0,Utah
2886,Summit,131606.0,Utah
2887,Tooele,36836.0,Utah
2888,Uintah,31563.0,Utah
2890,Wasatch,53285.0,Utah
2891,Washington,38847.0,Utah
2892,Wayne,39096.0,Utah
2893,Weber,41853.0,Utah
2896,Addison,51805.0,Vermont
2897,Bennington,54458.0,Vermont
2898,Caledonia,41246.0,Vermont
2899,Chittenden,60914.0,Vermont
2900,Essex,36008.0,Vermont
2901,Franklin,46220.0,Vermont
2902,Grand Isle,59204.0,Vermont
2903,Lamoille,53953.0,Vermont
2904,Orange,47170.0,Vermont
2905,Orleans,43542.0,Vermont
2906,Rutland,52343.0,Vermont
2907,Washington,60255.0,Vermont
2908,Windham,50925.0,Vermont
2909,Windsor,58116.0,Vermont
2912,Accomack,42764.0,Virginia
2913,Amelia,44774.0,Virginia
2914,Amherst,37160.0,Virginia
2915,Appomattox,38302.0,Virginia
2916,Arlington,95198.0,Virginia
2917,Bath,61628.0,Virginia
2918,Bedford,46707.0,Virginia
2919,Bland,37321.0,Virginia
2920,Botetourt,50274.0,Virginia
2921,Brunswick,32682.0,Virginia
2922,Buchanan,36229.0,Virginia
2923,Buckingham,30704.0,Virginia
2924,Caroline,41781.0,Virginia
2925,Charles City,45824.0,Virginia
2926,Charlotte,35970.0,Virginia
2927,Chesterfield,53695.0,Virginia
2928,Clarke,67111.0,Virginia
2929,Craig,38185.0,Virginia
2930,Culpeper,46510.0,Virginia
2931,Cumberland,38698.0,Virginia
2932,Dickenson,32354.0,Virginia
2933,Essex,42334.0,Virginia
2934,Fauquier,70787.0,Virginia
2935,Floyd,38903.0,Virginia
2936,Fluvanna,44693.0,Virginia
2937,Franklin,40781.0,Virginia
2938,Giles,40117.0,Virginia
2939,Gloucester,50502.0,Virginia
2940,Goochland,100545.0,Virginia
2941,Grayson,33013.0,Virginia
2942,Greene,44383.0,Virginia
2943,Halifax,37329.0,Virginia
2944,Hanover,60259.0,Virginia
2945,Henrico,66836.0,Virginia
2946,Highland,46113.0,Virginia
2947,Isle of Wight,55308.0,Virginia
2948,King and Queen,43361.0,Virginia
2949,King George,53000.0,Virginia
2950,King William,46612.0,Virginia
2951,Lancaster,60152.0,Virginia
2952,Lee,30303.0,Virginia
2953,Loudoun,78070.0,Virginia
2954,Louisa,42476.0,Virginia
2955,Lunenburg,33755.0,Virginia
2956,Madison,48822.0,Virginia
2957,Mathews,56088.0,Virginia
2958,Mecklenburg,37240.0,Virginia
2959,Middlesex,51213.0,Virginia
2960,Nelson,50717.0,Virginia
2961,New Kent,70743.0,Virginia
2962,Northampton,49313.0,Virginia
2963,Northumberland,52946.0,Virginia
2964,Nottoway,34897.0,Virginia
2965,Orange,49010.0,Virginia
2966,Page,39109.0,Virginia
2967,Patrick,34070.0,Virginia
2968,Powhatan,56607.0,Virginia
2969,Prince Edward,31890.0,Virginia
2970,Pulaski,40443.0,Virginia
2971,Rappahannock,65538.0,Virginia
2972,Richmond,36799.0,Virginia
2973,Russell,33498.0,Virginia
2974,Scott,33769.0,Virginia
2975,Shenandoah,45387.0,Virginia
2976,Smyth,36955.0,Virginia
2977,Stafford,55076.0,Virginia
2978,Surry,46413.0,Virginia
2979,Sussex,31378.0,Virginia
2980,Tazewell,38888.0,Virginia
2981,Warren,46743.0,Virginia
2982,Westmoreland,43166.0,Virginia
2983,Wythe,35608.0,Virginia
2985,Alexandria,88008.0,Virginia
2986,Chesapeake,50529.0,Virginia
2987,Hampton,43547.0,Virginia
2988,Newport News,43501.0,Virginia
2989,Norfolk,41822.0,Virginia
2990,Portsmouth,41169.0,Virginia
2991,Richmond,56306.0,Virginia
2992,Roanoke,43451.0,Virginia
2993,Suffolk,51798.0,Virginia
2994,Virginia Beach,58308.0,Virginia
2996,Albemarle + Charlottesville,74613.0,Virginia
2997,Alleghany + Covington,40061.0,Virginia
2998,"Augusta, Staunton + Waynesboro",44316.0,Virginia
2999,Campbell + Lynchburg,37719.0,Virginia
3000,Carroll + Galax,36023.0,Virginia
3001,"Dinwiddie, Colonial Heights + Petersburg",40352.0,Virginia
3002,"Fairfax, Fairfax City + Falls Church",82441.0,Virginia
3003,Frederick + Winchester,50802.0,Virginia
3004,Greensville + Emporia,32391.0,Virginia
3005,Henry + Martinsville,39367.0,Virginia
3006,James City + Williamsburg,65906.0,Virginia
3007,Montgomery + Radford,37759.0,Virginia
3008,Pittsylvania + Danville,38497.0,Virginia
3009,Prince George + Hopewell,38779.0,Virginia
3010,"Prince William, Manassas + Manassas Park",54740.0,Virginia
3011,Roanoke + Salem,52248.0,Virginia
3012,"Rockbridge, Buena Vista + Lexington",40320.0,Virginia
3013,Rockingham + Harrisonburg,39721.0,Virginia
3014,Southampton + Franklin,42381.0,Virginia
3015,Spotsylvania + Fredericksburg,50790.0,Virginia
3016,Washington + Bristol,40912.0,Virginia
3017,Wise + Norton,32988.0,Virginia
3018,York + Poquoson,59113.0,Virginia
3021,Adams,42800.0,Washington
3022,Asotin,47104.0,Washington
3023,Benton,47465.0,Washington
3024,Chelan,54763.0,Washington
3025,Clallam,46120.0,Washington
3026,Clark,53423.0,Washington
3027,Columbia,50073.0,Washington
3028,Cowlitz,44990.0,Washington
3029,Douglas,41508.0,Washington
3030,Ferry,36071.0,Washington
3031,Franklin,37390.0,Washington
3032,Garfield,44510.0,Washington
3033,Grant,39789.0,Washington
3034,Grays Harbor,40429.0,Washington
3035,Island,55724.0,Washington
3036,Jefferson,52580.0,Washington
3037,King,90438.0,Washington
3038,Kitsap,56244.0,Washington
3039,Kittitas,42603.0,Washington
3040,Klickitat,48654.0,Washington
3041,Lewis,43453.0,Washington
3042,Lincoln,46312.0,Washington
3043,Mason,42767.0,Washington
3044,Okanogan,42462.0,Washington
3045,Pacific,41740.0,Washington
3046,Pend Oreille,41664.0,Washington
3047,Pierce,52114.0,Washington
3048,San Juan,76749.0,Washington
3049,Skagit,53060.0,Washington
3050,Skamania,45802.0,Washington
3051,Snohomish,55888.0,Washington
3052,Spokane,46466.0,Washington
3053,Stevens,39505.0,Washington
3054,Thurston,51684.0,Washington
3055,Wahkiakum,42423.0,Washington
3056,Walla Walla,46144.0,Washington
3057,Whatcom,48792.0,Washington
3058,Whitman,40935.0,Washington
3059,Yakima,43379.0,Washington
3062,Barbour,32290.0,West Virginia
3063,Berkeley,41201.0,West Virginia
3064,Boone,33592.0,West Virginia
3065,Braxton,31594.0,West Virginia
3066,Brooke,41740.0,West Virginia
3067,Cabell,42939.0,West Virginia
3068,Calhoun,30155.0,West Virginia
3069,Clay,30925.0,West Virginia
3070,Doddridge,28862.0,West Virginia
3071,Fayette,34577.0,West Virginia
3072,Gilmer,28917.0,West Virginia
3073,Grant,36691.0,West Virginia
3074,Greenbrier,38098.0,West Virginia
3075,Hampshire,35068.0,West Virginia
3076,Hancock,42128.0,West Virginia
3077,Hardy,34150.0,West Virginia
3078,Harrison,48226.0,West Virginia
3079,Jackson,38147.0,West Virginia
3080,Jefferson,49926.0,West Virginia
3081,Kanawha,48435.0,West Virginia
3082,Lewis,40653.0,West Virginia
3083,Lincoln,30549.0,West Virginia
3084,Logan,36525.0,West Virginia
3085,McDowell,30451.0,West Virginia
3086,Marion,41980.0,West Virginia
3087,Marshall,41028.0,West Virginia
3088,Mason,33318.0,West Virginia
3089,Mercer,37452.0,West Virginia
3090,Mineral,38815.0,West Virginia
3091,Mingo,32051.0,West Virginia
3092,Monongalia,44679.0,West Virginia
3093,Monroe,30359.0,West Virginia
3094,Morgan,34533.0,West Virginia
3095,Nicholas,34102.0,West Virginia
3096,Ohio,65100.0,West Virginia
3097,Pendleton,35140.0,West Virginia
3098,Pleasants,43883.0,West Virginia
3099,Pocahontas,38172.0,West Virginia
3100,Preston,35686.0,West Virginia
3101,Putnam,46941.0,West Virginia
3102,Raleigh,41115.0,West Virginia
3103,Randolph,36533.0,West Virginia
3104,Ritchie,37177.0,West Virginia
3105,Roane,34770.0,West Virginia
3106,Summers,32879.0,West Virginia
3107,Taylor,40675.0,West Virginia
3108,Tucker,41322.0,West Virginia
3109,Tyler,37336.0,West Virginia
3110,Upshur,33261.0,West Virginia
3111,Wayne,33637.0,West Virginia
3112,Webster,27816.0,West Virginia
3113,Wetzel,36791.0,West Virginia
3114,Wirt,32156.0,West Virginia
3115,Wood,42669.0,West Virginia
3116,Wyoming,30510.0,West Virginia
3119,Adams,38736.0,Wisconsin
3120,Ashland,41106.0,Wisconsin
3121,Barron,49431.0,Wisconsin
3122,Bayfield,48542.0,Wisconsin
3123,Brown,52821.0,Wisconsin
3124,Buffalo,44756.0,Wisconsin
3125,Burnett,42706.0,Wisconsin
3126,Calumet,50776.0,Wisconsin
3127,Chippewa,46162.0,Wisconsin
3128,Clark,40228.0,Wisconsin
3129,Columbia,51147.0,Wisconsin
3130,Crawford,41485.0,Wisconsin
3131,Dane,61304.0,Wisconsin
3132,Dodge,44799.0,Wisconsin
3133,Door,63178.0,Wisconsin
3134,Douglas,43004.0,Wisconsin
3135,Dunn,39948.0,Wisconsin
3136,Eau Claire,48240.0,Wisconsin
3137,Florence,54346.0,Wisconsin
3138,Fond du Lac,48126.0,Wisconsin
3139,Forest,41517.0,Wisconsin
3140,Grant,43310.0,Wisconsin
3141,Green,51026.0,Wisconsin
3142,Green Lake,46152.0,Wisconsin
3143,Iowa,48073.0,Wisconsin
3144,Iron,51471.0,Wisconsin
3145,Jackson,46528.0,Wisconsin
3146,Jefferson,46241.0,Wisconsin
3147,Juneau,37898.0,Wisconsin
3148,Kenosha,46874.0,Wisconsin
3149,Kewaunee,46197.0,Wisconsin
3150,La Crosse,50107.0,Wisconsin
3151,Lafayette,43042.0,Wisconsin
3152,Langlade,43223.0,Wisconsin
3153,Lincoln,45766.0,Wisconsin
3154,Manitowoc,47675.0,Wisconsin
3155,Marathon,50111.0,Wisconsin
3156,Marinette,44014.0,Wisconsin
3157,Marquette,41182.0,Wisconsin
3158,Menominee,30371.0,Wisconsin
3159,Milwaukee,47589.0,Wisconsin
3160,Monroe,41779.0,Wisconsin
3161,Oconto,45609.0,Wisconsin
3162,Oneida,51715.0,Wisconsin
3163,Outagamie,51230.0,Wisconsin
3164,Ozaukee,83992.0,Wisconsin
3165,Pepin,47961.0,Wisconsin
3166,Pierce,45936.0,Wisconsin
3167,Polk,46514.0,Wisconsin
3168,Portage,45886.0,Wisconsin
3169,Price,45320.0,Wisconsin
3170,Racine,49749.0,Wisconsin
3171,Richland,43233.0,Wisconsin
3172,Rock,44204.0,Wisconsin
3173,Rusk,44199.0,Wisconsin
3174,St. Croix,55543.0,Wisconsin
3175,Sauk,48365.0,Wisconsin
3176,Sawyer,45915.0,Wisconsin
3177,Shawano,42290.0,Wisconsin
3178,Sheboygan,52851.0,Wisconsin
3179,Taylor,39051.0,Wisconsin
3180,Trempealeau,44698.0,Wisconsin
3181,Vernon,40356.0,Wisconsin
3182,Vilas,53983.0,Wisconsin
3183,Walworth,50023.0,Wisconsin
3184,Washburn,47218.0,Wisconsin
3185,Washington,58601.0,Wisconsin
3186,Waukesha,72650.0,Wisconsin
3187,Waupaca,45629.0,Wisconsin
3188,Waushara,41204.0,Wisconsin
3189,Winnebago,48101.0,Wisconsin
3190,Wood,46743.0,Wisconsin
3193,Albany,40444.0,Wyoming
3194,Big Horn,36903.0,Wyoming
3195,Campbell,52824.0,Wyoming
3196,Carbon,58372.0,Wyoming
3197,Converse,55011.0,Wyoming
3198,Crook,46081.0,Wyoming
3199,Fremont,43633.0,Wyoming
3200,Goshen,43348.0,Wyoming
3201,Hot Springs,55232.0,Wyoming
3202,Johnson,51314.0,Wyoming
3203,Laramie,52039.0,Wyoming
3204,Lincoln,43049.0,Wyoming
3205,Natrona,69379.0,Wyoming
3206,Niobrara,51357.0,Wyoming
3207,Park,54308.0,Wyoming
3208,Platte,48442.0,Wyoming
3209,Sheridan,58223.0,Wyoming
3210,Sublette,51361.0,Wyoming
3211,Sweetwater,53145.0,Wyoming
3212,Teton,251728.0,Wyoming
3213,Uinta,40280.0,Wyoming
3214,Washakie,48184.0,Wyoming
3215,Weston,44737.0,Wyoming
