STATE,COUNTY,BEDS
Alabama,AUTAUGA COUNTY,85
Alabama,BALDWIN COUNTY,398
Alabama,BARBOUR COUNTY,74
Alabama,BIBB COUNTY,35
Alabama,BLOUNT COUNTY,40
Alabama,BULLOCK COUNTY,61
Alabama,BUTLER COUNTY,94
Alabama,CALHOUN COUNTY,590
Alabama,CHAMBERS COUNTY,115
Alabama,CHEROKEE COUNTY,60
Alabama,CHILTON COUNTY,26
Alabama,CHOCTAW COUNTY,25
Alabama,CLARKE COUNTY,85
Alabama,CLAY COUNTY,45
Alabama,COFFEE COUNTY,131
Alabama,COLBERT COUNTY,363
Alabama,CONECUH COUNTY,58
Alabama,COVINGTON COUNTY,210
Alabama,CRENSHAW COUNTY,93
Alabama,CULLMAN COUNTY,185
Alabama,DALE COUNTY,89
Alabama,DALLAS COUNTY,175
Alabama,DEKALB COUNTY,134
Alabama,ELMORE COUNTY,138
Alabama,ESCAMBIA COUNTY,142
Alabama,ETOWAH COUNTY,739
Alabama,FAYETTE COUNTY,61
Alabama,FRANKLIN COUNTY,125
Alabama,GENEVA COUNTY,83
Alabama,GREENE COUNTY,20
Alabama,HALE COUNTY,39
Alabama,HOUSTON COUNTY,782
Alabama,JACKSON COUNTY,170
Alabama,JEFFERSON COUNTY,4926
Alabama,LAUDERDALE COUNTY,358
Alabama,LAWRENCE COUNTY,98
Alabama,LEE COUNTY,314
Alabama,LIMESTONE COUNTY,102
Alabama,MACON COUNTY,0
Alabama,MADISON COUNTY,1178
Alabama,MARENGO COUNTY,99
Alabama,MARION COUNTY,120
Alabama,MARSHALL COUNTY,240
Alabama,MOBILE COUNTY,1929
Alabama,MONGOMERY COUNTY,0
Alabama,MONROE COUNTY,94
Alabama,MONTGOMERY COUNTY,1143
Alabama,MORGAN COUNTY,476
Alabama,PICKENS COUNTY,56
Alabama,PIKE COUNTY,97
Alabama,RANDOLPH COUNTY,34
Alabama,RUSSELL COUNTY,118
Alabama,SHELBY COUNTY,349
Alabama,ST. CLAIR COUNTY,40
Alabama,SUMTER COUNTY,33
Alabama,TALLADEGA COUNTY,285
Alabama,TALLAPOOSA COUNTY,127
Alabama,TUSCALOOSA COUNTY,933
Alabama,WALKER COUNTY,267
Alabama,WASHINGTON COUNTY,25
Alabama,WILCOX COUNTY,30
Alabama,WINSTON COUNTY,59
Alaska,ALEUTIANS WEST COUNTY,0
Alaska,ANCHORAGE COUNTY,988
Alaska,BETHEL COUNTY,37
Alaska,DILLINGHAM COUNTY,14
Alaska,FAIRBANKS NORTH STAR COUNTY,217
Alaska,JUNEAU COUNTY,0
Alaska,KENAI PENINSULA COUNTY,204
Alaska,KETCHIKAN GATEWAY COUNTY,54
Alaska,KODIAK ISLAND COUNTY,25
Alaska,MATANUSKA-SUSITNA COUNTY,74
Alaska,NOME COUNTY,36
Alaska,NORTH SLOPE COUNTY,0
Alaska,NORTHWEST ARCTIC COUNTY,17
Alaska,SITKA COUNTY,54
Alaska,VALDEZ-CORDOVA COUNTY,44
Alaska,WRANGELL-PETERSBURG COUNTY,49
American Samoa,MAOPUTASI COUNTY,0
Arizona,APACHE COUNTY,45
Arizona,COCHISE COUNTY,267
Arizona,COCONINO COUNTY,308
Arizona,GILA COUNTY,69
Arizona,GRAHAM COUNTY,49
Arizona,LA PAZ COUNTY,25
Arizona,MARICOPA COUNTY,9767
Arizona,MOHAVE COUNTY,588
Arizona,NAVAJO COUNTY,130
Arizona,PIMA COUNTY,3157
Arizona,PINAL COUNTY,249
Arizona,SANTA CRUZ COUNTY,56
Arizona,YAVAPAI COUNTY,332
Arizona,YUMA COUNTY,410
Arkansas,ARKANSAS COUNTY,25
Arkansas,ASHLEY COUNTY,33
Arkansas,BAXTER COUNTY,268
Arkansas,BENTON COUNTY,335
Arkansas,BOONE COUNTY,174
Arkansas,BRADLEY COUNTY,35
Arkansas,CARROLL COUNTY,47
Arkansas,CHICOT COUNTY,40
Arkansas,CLARK COUNTY,25
Arkansas,CLAY COUNTY,25
Arkansas,CLEBURNE COUNTY,25
Arkansas,COLUMBIA COUNTY,70
Arkansas,CONWAY COUNTY,35
Arkansas,CRAIGHEAD COUNTY,631
Arkansas,CRAWFORD COUNTY,103
Arkansas,CRITTENDEN COUNTY,206
Arkansas,CROSS COUNTY,25
Arkansas,DALLAS COUNTY,25
Arkansas,DESHA COUNTY,50
Arkansas,DREW COUNTY,49
Arkansas,FAULKNER COUNTY,172
Arkansas,FRANKLIN COUNTY,0
Arkansas,FULTON COUNTY,25
Arkansas,GARLAND COUNTY,646
Arkansas,GREENE COUNTY,129
Arkansas,HEMPSTEAD COUNTY,79
Arkansas,HOT SPRING COUNTY,100
Arkansas,HOWARD COUNTY,25
Arkansas,INDEPENDENCE COUNTY,199
Arkansas,IZARD COUNTY,25
Arkansas,JACKSON COUNTY,133
Arkansas,JEFFERSON COUNTY,498
Arkansas,JOHNSON COUNTY,80
Arkansas,LAWRENCE COUNTY,25
Arkansas,LITTLE RIVER COUNTY,25
Arkansas,LOGAN COUNTY,41
Arkansas,MILLER COUNTY,62
Arkansas,MISSISSIPPI COUNTY,193
Arkansas,OUACHITA COUNTY,100
Arkansas,PHILLIPS COUNTY,155
Arkansas,PIKE COUNTY,32
Arkansas,POLK COUNTY,65
Arkansas,POPE COUNTY,170
Arkansas,PULASKI COUNTY,3323
Arkansas,RANDOLPH COUNTY,50
Arkansas,SALINE COUNTY,244
Arkansas,SCOTT COUNTY,0
Arkansas,SEBASTIAN COUNTY,1050
Arkansas,SEVIER COUNTY,35
Arkansas,ST. FRANCIS COUNTY,118
Arkansas,STONE COUNTY,25
Arkansas,UNION COUNTY,166
Arkansas,VAN BUREN COUNTY,25
Arkansas,WASHINGTON COUNTY,876
Arkansas,WHITE COUNTY,506
Arkansas,YELL COUNTY,76
California,ALAMEDA COUNTY,4046
California,AMADOR COUNTY,52
California,BUTTE COUNTY,592
California,CALAVERAS COUNTY,48
California,COLUSA COUNTY,48
California,CONTRA COSTA COUNTY,1993
California,DEL NORTE COUNTY,49
California,EL DORADO COUNTY,240
California,FRESNO COUNTY,3551
California,GLENN COUNTY,47
California,HUMBOLDT COUNTY,299
California,IMPERIAL COUNTY,268
California,INYO COUNTY,62
California,KERN COUNTY,1833
California,KINGS COUNTY,223
California,LAKE COUNTY,62
California,LASSEN COUNTY,38
California,LOS ANGELES COUNTY,30371
California,MADERA COUNTY,462
California,MARIN COUNTY,458
California,MARIPOSA COUNTY,34
California,MENDOCINO COUNTY,141
California,MERCED COUNTY,246
California,MODOC COUNTY,113
California,MONO COUNTY,17
California,MONTEREY COUNTY,793
California,NAPA COUNTY,1780
California,NEVADA COUNTY,176
California,ORANGE COUNTY,8444
California,PLACER COUNTY,748
California,PLUMAS COUNTY,87
California,RIVERSIDE COUNTY,3945
California,SACRAMENTO COUNTY,4159
California,SAN BENITO COUNTY,181
California,SAN BERNARDINO COUNTY,5929
California,SAN DIEGO COUNTY,7658
California,SAN FRANCISCO COUNTY,4828
California,SAN JOAQUIN COUNTY,1280
California,SAN LUIS OBISPO COUNTY,1747
California,SAN MATEO COUNTY,1781
California,SANTA BARBARA COUNTY,1054
California,SANTA CLARA COUNTY,3831
California,SANTA CRUZ COUNTY,432
California,SHASTA COUNTY,763
California,SIERRA COUNTY,39
California,SISKIYOU COUNTY,61
California,SOLANO COUNTY,749
California,SONOMA COUNTY,2071
California,STANISLAUS COUNTY,1729
California,SUTTER COUNTY,92
California,TEHAMA COUNTY,76
California,TRINITY COUNTY,51
California,TULARE COUNTY,2086
California,TUOLUMNE COUNTY,152
California,VENTURA COUNTY,1690
California,YOLO COUNTY,156
California,YUBA COUNTY,173
Colorado,ADAMS COUNTY,716
Colorado,ALAMOSA COUNTY,44
Colorado,ARAPAHOE COUNTY,1018
Colorado,ARCHULETA COUNTY,11
Colorado,BACA COUNTY,79
Colorado,BOULDER COUNTY,700
Colorado,BROOMFIELD COUNTY,92
Colorado,CHAFFEE COUNTY,25
Colorado,CHEYENNE COUNTY,11
Colorado,CONEJOS COUNTY,17
Colorado,DELTA COUNTY,49
Colorado,DENVER COUNTY,2426
Colorado,DOUGLAS COUNTY,456
Colorado,EAGLE COUNTY,58
Colorado,EL PASO COUNTY,1511
Colorado,FREMONT COUNTY,25
Colorado,GARFIELD COUNTY,119
Colorado,GRAND COUNTY,44
Colorado,GUNNISON COUNTY,24
Colorado,HUERFANO COUNTY,20
Colorado,JEFFERSON COUNTY,764
Colorado,KIOWA COUNTY,42
Colorado,KIT CARSON COUNTY,19
Colorado,LA PLATA COUNTY,94
Colorado,LAKE COUNTY,25
Colorado,LARIMER COUNTY,725
Colorado,LAS ANIMAS COUNTY,25
Colorado,LINCOLN COUNTY,50
Colorado,LOGAN COUNTY,25
Colorado,MESA COUNTY,460
Colorado,MOFFAT COUNTY,0
Colorado,MONTEZUMA COUNTY,25
Colorado,MONTROSE COUNTY,69
Colorado,MORGAN COUNTY,69
Colorado,OTERO COUNTY,78
Colorado,PHILLIPS COUNTY,40
Colorado,PITKIN COUNTY,25
Colorado,PROWERS COUNTY,25
Colorado,PUEBLO COUNTY,1292
Colorado,RIO BLANCO COUNTY,46
Colorado,RIO GRANDE COUNTY,17
Colorado,ROUTT COUNTY,98
Colorado,SEDGWICK COUNTY,64
Colorado,SUMMIT COUNTY,34
Colorado,TELLER COUNTY,15
Colorado,WELD COUNTY,300
Colorado,YUMA COUNTY,28
Connecticut,FAIRFIELD COUNTY,2066
Connecticut,HARTFORD COUNTY,2980
Connecticut,LITCHFIELD COUNTY,272
Connecticut,MIDDLESEX COUNTY,215
Connecticut,NEW HAVEN COUNTY,3045
Connecticut,NEW LONDON COUNTY,465
Connecticut,TOLLAND COUNTY,174
Connecticut,WINDHAM COUNTY,234
Delaware,KENT COUNTY,288
Delaware,NEW CASTLE COUNTY,2016
Delaware,SUSSEX COUNTY,476
District of Columbia,DISTRICT OF COLUMBIA COUNTY,4304
Florida,ALACHUA COUNTY,1765
Florida,BAKER COUNTY,1163
Florida,BAY COUNTY,752
Florida,BRADFORD COUNTY,25
Florida,BREVARD COUNTY,1768
Florida,BROWARD COUNTY,6803
Florida,CALHOUN COUNTY,25
Florida,CHARLOTTE COUNTY,823
Florida,CITRUS COUNTY,332
Florida,CLAY COUNTY,416
Florida,COLLIER COUNTY,1051
Florida,COLUMBIA COUNTY,346
Florida,DESOTO COUNTY,49
Florida,DUVAL COUNTY,4071
Florida,ESCAMBIA COUNTY,1310
Florida,FLAGLER COUNTY,99
Florida,FRANKLIN COUNTY,25
Florida,GADSDEN COUNTY,1253
Florida,GULF COUNTY,19
Florida,HARDEE COUNTY,25
Florida,HENDRY COUNTY,25
Florida,HERNANDO COUNTY,620
Florida,HIGHLANDS COUNTY,323
Florida,HILLSBOROUGH COUNTY,4857
Florida,HOLMES COUNTY,20
Florida,INDIAN RIVER COUNTY,612
Florida,JACKSON COUNTY,87
Florida,LAKE COUNTY,943
Florida,LEE COUNTY,2240
Florida,LEON COUNTY,1208
Florida,LEVY COUNTY,40
Florida,MADISON COUNTY,25
Florida,MANATEE COUNTY,806
Florida,MARION COUNTY,919
Florida,MARTIN COUNTY,558
Florida,MIAMI-DADE COUNTY,10243
Florida,MONROE COUNTY,148
Florida,NASSAU COUNTY,54
Florida,OKALOOSA COUNTY,673
Florida,OKEECHOBEE COUNTY,100
Florida,ORANGE COUNTY,4751
Florida,OSCEOLA COUNTY,997
Florida,PALM BEACH COUNTY,4993
Florida,PASCO COUNTY,1440
Florida,PINELLAS COUNTY,4229
Florida,POLK COUNTY,1793
Florida,PUTNAM COUNTY,99
Florida,SANTA ROSA COUNTY,385
Florida,SARASOTA COUNTY,1618
Florida,SEMINOLE COUNTY,965
Florida,ST. JOHNS COUNTY,335
Florida,ST. LUCIE COUNTY,986
Florida,SUMTER COUNTY,339
Florida,SUWANNEE COUNTY,15
Florida,TAYLOR COUNTY,96
Florida,UNION COUNTY,217
Florida,VOLUSIA COUNTY,2042
Florida,WALTON COUNTY,108
Florida,WASHINGTON COUNTY,59
Georgia,APPLING COUNTY,49
Georgia,BACON COUNTY,47
Georgia,BALDWIN COUNTY,340
Georgia,BARROW COUNTY,56
Georgia,BARTOW COUNTY,80
Georgia,BEN HILL COUNTY,75
Georgia,BERRIEN COUNTY,63
Georgia,BIBB COUNTY,1294
Georgia,BLECKLEY COUNTY,25
Georgia,BROOKS COUNTY,25
Georgia,BULLOCH COUNTY,190
Georgia,BURKE COUNTY,40
Georgia,BUTTS COUNTY,25
Georgia,CALHOUN COUNTY,25
Georgia,CAMDEN COUNTY,40
Georgia,CANDLER COUNTY,25
Georgia,CARROLL COUNTY,344
Georgia,CATOOSA COUNTY,185
Georgia,CHARLTON COUNTY,0
Georgia,CHATHAM COUNTY,1717
Georgia,CHATTAHOOCHEE COUNTY,57
Georgia,CHATTOOGA COUNTY,31
Georgia,CHEROKEE COUNTY,79
Georgia,CLARKE COUNTY,574
Georgia,CLAYTON COUNTY,558
Georgia,CLINCH COUNTY,25
Georgia,COBB COUNTY,1274
Georgia,COFFEE COUNTY,88
Georgia,COLQUITT COUNTY,158
Georgia,COOK COUNTY,60
Georgia,COWETA COUNTY,211
Georgia,CRISP COUNTY,73
Georgia,DADE COUNTY,13
Georgia,DECATUR COUNTY,80
Georgia,DEKALB COUNTY,2604
Georgia,DODGE COUNTY,94
Georgia,DOOLY COUNTY,47
Georgia,DOUGHERTY COUNTY,939
Georgia,DOUGLAS COUNTY,192
Georgia,EARLY COUNTY,25
Georgia,EFFINGHAM COUNTY,25
Georgia,ELBERT COUNTY,52
Georgia,EMANUEL COUNTY,72
Georgia,EVANS COUNTY,49
Georgia,FANNIN COUNTY,50
Georgia,FAYETTE COUNTY,157
Georgia,FLOYD COUNTY,910
Georgia,FORSYTH COUNTY,187
Georgia,FRANKLIN COUNTY,271
Georgia,FULTON COUNTY,4902
Georgia,GILMER COUNTY,50
Georgia,GLYNN COUNTY,401
Georgia,GORDON COUNTY,80
Georgia,GRADY COUNTY,60
Georgia,GREENE COUNTY,74
Georgia,GWINNETT COUNTY,847
Georgia,HABERSHAM COUNTY,53
Georgia,HALL COUNTY,557
Georgia,HARALSON COUNTY,25
Georgia,HART COUNTY,82
Georgia,HENRY COUNTY,265
Georgia,HOUSTON COUNTY,276
Georgia,IRWIN COUNTY,34
Georgia,JACKSON COUNTY,257
Georgia,JASPER COUNTY,17
Georgia,JEFF DAVIS COUNTY,25
Georgia,JEFFERSON COUNTY,37
Georgia,JENKINS COUNTY,25
Georgia,LANIER COUNTY,25
Georgia,LAURENS COUNTY,368
Georgia,LIBERTY COUNTY,25
Georgia,LOWNDES COUNTY,475
Georgia,LUMPKIN COUNTY,49
Georgia,MACON COUNTY,49
Georgia,MCDUFFIE COUNTY,72
Georgia,MERIWETHER COUNTY,188
Georgia,MILLER COUNTY,25
Georgia,MITCHELL COUNTY,23
Georgia,MONROE COUNTY,25
Georgia,MORGAN COUNTY,41
Georgia,MURRAY COUNTY,42
Georgia,MUSCOGEE COUNTY,1374
Georgia,NEWTON COUNTY,97
Georgia,PAULDING COUNTY,299
Georgia,PEACH COUNTY,50
Georgia,PICKENS COUNTY,48
Georgia,POLK COUNTY,71
Georgia,PULASKI COUNTY,49
Georgia,PUTNAM COUNTY,25
Georgia,RABUN COUNTY,25
Georgia,RANDOLPH COUNTY,25
Georgia,RICHMOND COUNTY,2470
Georgia,ROCKDALE COUNTY,146
Georgia,SCREVEN COUNTY,25
Georgia,SEMINOLE COUNTY,65
Georgia,SPALDING COUNTY,160
Georgia,STEPHENS COUNTY,96
Georgia,STEWART COUNTY,25
Georgia,SUMTER COUNTY,219
Georgia,TATTNALL COUNTY,25
Georgia,TAYLOR COUNTY,0
Georgia,THOMAS COUNTY,664
Georgia,TIFT COUNTY,191
Georgia,TOOMBS COUNTY,57
Georgia,TOWNS COUNTY,25
Georgia,TROUP COUNTY,276
Georgia,UNION COUNTY,45
Georgia,UPSON COUNTY,115
Georgia,WALTON COUNTY,192
Georgia,WARE COUNTY,284
Georgia,WASHINGTON COUNTY,116
Georgia,WAYNE COUNTY,88
Georgia,WHEELER COUNTY,25
Georgia,WHITFIELD COUNTY,282
Georgia,WILKES COUNTY,25
Georgia,WORTH COUNTY,25
Guam,GUAM COUNTY,158
Hawaii,HAWAII COUNTY,504
Hawaii,HONOLULU COUNTY,2459
Hawaii,KAUAI COUNTY,144
Hawaii,MAUI COUNTY,258
Idaho,ADA COUNTY,1354
Idaho,BANNOCK COUNTY,219
Idaho,BEAR LAKE COUNTY,21
Idaho,BENEWAH COUNTY,19
Idaho,BINGHAM COUNTY,153
Idaho,BLAINE COUNTY,25
Idaho,BONNER COUNTY,25
Idaho,BONNEVILLE COUNTY,332
Idaho,BOUNDARY COUNTY,20
Idaho,BUTTE COUNTY,14
Idaho,CANYON COUNTY,302
Idaho,CARIBOU COUNTY,25
Idaho,CASSIA COUNTY,25
Idaho,CLEARWATER COUNTY,83
Idaho,ELMORE COUNTY,25
Idaho,FRANKLIN COUNTY,20
Idaho,GEM COUNTY,16
Idaho,GOODING COUNTY,18
Idaho,IDAHO COUNTY,41
Idaho,JEROME COUNTY,25
Idaho,KOOTENAI COUNTY,396
Idaho,LATAH COUNTY,25
Idaho,LEMHI COUNTY,18
Idaho,MADISON COUNTY,69
Idaho,MINIDOKA COUNTY,25
Idaho,NEZ PERCE COUNTY,145
Idaho,ONEIDA COUNTY,11
Idaho,POWER COUNTY,10
Idaho,SHOSHONE COUNTY,25
Idaho,TETON COUNTY,13
Idaho,TWIN FALLS COUNTY,253
Idaho,VALLEY COUNTY,25
Idaho,WASHINGTON COUNTY,25
Illinois,ADAMS COUNTY,335
Illinois,BOND COUNTY,150
Illinois,BOONE COUNTY,0
Illinois,BUREAU COUNTY,25
Illinois,CHAMPAIGN COUNTY,549
Illinois,CHRISTIAN COUNTY,67
Illinois,CLAY COUNTY,18
Illinois,CLINTON COUNTY,0
Illinois,COLES COUNTY,118
Illinois,COOK COUNTY,18259
Illinois,CRAWFORD COUNTY,63
Illinois,DE WITT COUNTY,25
Illinois,DEKALB COUNTY,191
Illinois,DUPAGE COUNTY,1880
Illinois,EDGAR COUNTY,25
Illinois,EFFINGHAM COUNTY,146
Illinois,FAYETTE COUNTY,110
Illinois,FORD COUNTY,67
Illinois,FRANKLIN COUNTY,25
Illinois,FULTON COUNTY,93
Illinois,GREENE COUNTY,286
Illinois,GRUNDY COUNTY,89
Illinois,HAMILTON COUNTY,25
Illinois,HANCOCK COUNTY,18
Illinois,HARDIN COUNTY,25
Illinois,HENRY COUNTY,86
Illinois,IROQUOIS COUNTY,84
Illinois,JACKSON COUNTY,184
Illinois,JEFFERSON COUNTY,187
Illinois,JERSEY COUNTY,49
Illinois,JO DAVIESS COUNTY,25
Illinois,KANE COUNTY,1101
Illinois,KANKAKEE COUNTY,468
Illinois,KNOX COUNTY,209
Illinois,LA SALLE COUNTY,269
Illinois,LAKE COUNTY,968
Illinois,LAWRENCE COUNTY,25
Illinois,LEE COUNTY,80
Illinois,LIVINGSTON COUNTY,42
Illinois,LOGAN COUNTY,25
Illinois,MACON COUNTY,188
Illinois,MACOUPIN COUNTY,50
Illinois,MADISON COUNTY,968
Illinois,MARION COUNTY,135
Illinois,MASON COUNTY,20
Illinois,MASSAC COUNTY,25
Illinois,MCDONOUGH COUNTY,95
Illinois,MCHENRY COUNTY,343
Illinois,MCLEAN COUNTY,200
Illinois,MERCER COUNTY,22
Illinois,MONTGOMERY COUNTY,50
Illinois,MORGAN COUNTY,108
Illinois,OGLE COUNTY,16
Illinois,PEORIA COUNTY,1122
Illinois,PERRY COUNTY,50
Illinois,PIATT COUNTY,16
Illinois,PIKE COUNTY,21
Illinois,RANDOLPH COUNTY,165
Illinois,RICHLAND COUNTY,90
Illinois,ROCK ISLAND COUNTY,444
Illinois,SALINE COUNTY,98
Illinois,SANGAMON COUNTY,1045
Illinois,SCHUYLER COUNTY,46
Illinois,SHELBY COUNTY,30
Illinois,ST. CLAIR COUNTY,818
Illinois,STEPHENSON COUNTY,100
Illinois,TAZEWELL COUNTY,150
Illinois,UNION COUNTY,47
Illinois,VERMILION COUNTY,447
Illinois,WABASH COUNTY,25
Illinois,WARREN COUNTY,23
Illinois,WASHINGTON COUNTY,0
Illinois,WAYNE COUNTY,55
Illinois,WHITESIDE COUNTY,135
Illinois,WILL COUNTY,917
Illinois,WILLIAMSON COUNTY,431
Illinois,WINNEBAGO COUNTY,907
Illinois,WOODFORD COUNTY,18
Indiana,ADAMS COUNTY,35
Indiana,ALLEN COUNTY,1558
Indiana,BARTHOLOMEW COUNTY,198
Indiana,BLACKFORD COUNTY,15
Indiana,BOONE COUNTY,52
Indiana,CASS COUNTY,98
Indiana,CLARK COUNTY,442
Indiana,CLAY COUNTY,25
Indiana,CLINTON COUNTY,25
Indiana,DAVIESS COUNTY,80
Indiana,DEARBORN COUNTY,104
Indiana,DECATUR COUNTY,25
Indiana,DEKALB COUNTY,72
Indiana,DELAWARE COUNTY,411
Indiana,DUBOIS COUNTY,123
Indiana,ELKHART COUNTY,406
Indiana,FAYETTE COUNTY,99
Indiana,FLOYD COUNTY,297
Indiana,FULTON COUNTY,25
Indiana,GIBSON COUNTY,25
Indiana,GRANT COUNTY,113
Indiana,GREENE COUNTY,25
Indiana,HAMILTON COUNTY,577
Indiana,HANCOCK COUNTY,68
Indiana,HARRISON COUNTY,25
Indiana,HENDRICKS COUNTY,287
Indiana,HENRY COUNTY,90
Indiana,HOWARD COUNTY,254
Indiana,HUNTINGTON COUNTY,36
Indiana,JACKSON COUNTY,93
Indiana,JASPER COUNTY,46
Indiana,JAY COUNTY,35
Indiana,JEFFERSON COUNTY,299
Indiana,JENNINGS COUNTY,17
Indiana,JOHNSON COUNTY,275
Indiana,KNOX COUNTY,175
Indiana,KOSCIUSKO COUNTY,88
Indiana,LAGRANGE COUNTY,25
Indiana,LAKE COUNTY,2605
Indiana,LAPORTE COUNTY,377
Indiana,LAWRENCE COUNTY,50
Indiana,MADISON COUNTY,402
Indiana,MARION COUNTY,3640
Indiana,MARSHALL COUNTY,160
Indiana,MIAMI COUNTY,25
Indiana,MONROE COUNTY,368
Indiana,MONTGOMERY COUNTY,103
Indiana,MORGAN COUNTY,207
Indiana,NOBLE COUNTY,31
Indiana,ORANGE COUNTY,24
Indiana,PERRY COUNTY,25
Indiana,PORTER COUNTY,317
Indiana,PULASKI COUNTY,25
Indiana,PUTNAM COUNTY,25
Indiana,RANDOLPH COUNTY,25
Indiana,RIPLEY COUNTY,25
Indiana,RUSH COUNTY,25
Indiana,SCOTT COUNTY,25
Indiana,SHELBY COUNTY,72
Indiana,ST JOSEPH COUNTY,0
Indiana,ST. JOSEPH COUNTY,811
Indiana,STARKE COUNTY,53
Indiana,STEUBEN COUNTY,25
Indiana,SULLIVAN COUNTY,25
Indiana,TIPPECANOE COUNTY,813
Indiana,TIPTON COUNTY,25
Indiana,VANDERBURGH COUNTY,1266
Indiana,VERMILLION COUNTY,25
Indiana,VIGO COUNTY,541
Indiana,WABASH COUNTY,25
Indiana,WARREN COUNTY,16
Indiana,WARRICK COUNTY,181
Indiana,WASHINGTON COUNTY,25
Indiana,WAYNE COUNTY,251
Indiana,WELLS COUNTY,79
Indiana,WHITE COUNTY,25
Indiana,WHITLEY COUNTY,30
Iowa,ADAIR COUNTY,25
Iowa,ADAMS COUNTY,22
Iowa,ALLAMAKEE COUNTY,25
Iowa,APPANOOSE COUNTY,45
Iowa,AUDUBON COUNTY,25
Iowa,BENTON COUNTY,25
Iowa,BLACK HAWK COUNTY,459
Iowa,BOONE COUNTY,42
Iowa,BREMER COUNTY,50
Iowa,BUCHANAN COUNTY,120
Iowa,BUENA VISTA COUNTY,35
Iowa,CALHOUN COUNTY,25
Iowa,CARROLL COUNTY,203
Iowa,CASS COUNTY,33
Iowa,CERRO GORDO COUNTY,586
Iowa,CHEROKEE COUNTY,83
Iowa,CHICKASAW COUNTY,18
Iowa,CLARKE COUNTY,25
Iowa,CLAY COUNTY,99
Iowa,CLAYTON COUNTY,50
Iowa,CLINTON COUNTY,265
Iowa,CRAWFORD COUNTY,50
Iowa,DALLAS COUNTY,25
Iowa,DAVIS COUNTY,25
Iowa,DECATUR COUNTY,25
Iowa,DELAWARE COUNTY,25
Iowa,DES MOINES COUNTY,213
Iowa,DICKINSON COUNTY,49
Iowa,DUBUQUE COUNTY,470
Iowa,EMMET COUNTY,25
Iowa,FAYETTE COUNTY,50
Iowa,FLOYD COUNTY,25
Iowa,FRANKLIN COUNTY,25
Iowa,FREMONT COUNTY,25
Iowa,GREENE COUNTY,25
Iowa,GRUNDY COUNTY,80
Iowa,GUTHRIE COUNTY,25
Iowa,HAMILTON COUNTY,25
Iowa,HANCOCK COUNTY,25
Iowa,HARDIN COUNTY,58
Iowa,HARRISON COUNTY,25
Iowa,HENRY COUNTY,152
Iowa,HOWARD COUNTY,19
Iowa,HUMBOLDT COUNTY,49
Iowa,IDA COUNTY,25
Iowa,IOWA COUNTY,25
Iowa,JACKSON COUNTY,25
Iowa,JASPER COUNTY,68
Iowa,JEFFERSON COUNTY,25
Iowa,JOHNSON COUNTY,1383
Iowa,JONES COUNTY,60
Iowa,KEOKUK COUNTY,25
Iowa,KOSSUTH COUNTY,25
Iowa,LEE COUNTY,121
Iowa,LINN COUNTY,1018
Iowa,LUCAS COUNTY,25
Iowa,LYON COUNTY,25
Iowa,MADISON COUNTY,25
Iowa,MAHASKA COUNTY,33
Iowa,MARION COUNTY,50
Iowa,MARSHALL COUNTY,125
Iowa,MILLS COUNTY,851
Iowa,MITCHELL COUNTY,25
Iowa,MONONA COUNTY,25
Iowa,MONROE COUNTY,25
Iowa,MONTGOMERY COUNTY,25
Iowa,MUSCATINE COUNTY,48
Iowa,O'BRIEN COUNTY,50
Iowa,OSCEOLA COUNTY,25
Iowa,PAGE COUNTY,110
Iowa,PALO ALTO COUNTY,47
Iowa,PLYMOUTH COUNTY,25
Iowa,POCAHONTAS COUNTY,25
Iowa,POLK COUNTY,1820
Iowa,POTTAWATTAMIE COUNTY,514
Iowa,POWESHIEK COUNTY,49
Iowa,RINGGOLD COUNTY,32
Iowa,SAC COUNTY,25
Iowa,SCOTT COUNTY,1193
Iowa,SHELBY COUNTY,25
Iowa,SIOUX COUNTY,290
Iowa,STORY COUNTY,279
Iowa,UNION COUNTY,25
Iowa,VAN BUREN COUNTY,25
Iowa,WAPELLO COUNTY,217
Iowa,WASHINGTON COUNTY,25
Iowa,WAYNE COUNTY,25
Iowa,WEBSTER COUNTY,200
Iowa,WINNESHIEK COUNTY,25
Iowa,WOODBURY COUNTY,830
Iowa,WRIGHT COUNTY,47
Kansas,ALLEN COUNTY,25
Kansas,ANDERSON COUNTY,41
Kansas,ATCHISON COUNTY,25
Kansas,BARBER COUNTY,93
Kansas,BARTON COUNTY,81
Kansas,BOURBON COUNTY,61
Kansas,BROWN COUNTY,50
Kansas,BUTLER COUNTY,126
Kansas,CHAUTAUQUA COUNTY,25
Kansas,CHEROKEE COUNTY,54
Kansas,CHEYENNE COUNTY,16
Kansas,CLARK COUNTY,99
Kansas,CLAY COUNTY,25
Kansas,CLOUD COUNTY,25
Kansas,COFFEY COUNTY,78
Kansas,COMANCHE COUNTY,12
Kansas,COWLEY COUNTY,62
Kansas,CRAWFORD COUNTY,146
Kansas,DECATUR COUNTY,61
Kansas,DICKINSON COUNTY,137
Kansas,DOUGLAS COUNTY,152
Kansas,EDWARDS COUNTY,22
Kansas,ELLIS COUNTY,172
Kansas,ELLSWORTH COUNTY,25
Kansas,FINNEY COUNTY,132
Kansas,FORD COUNTY,99
Kansas,FRANKLIN COUNTY,44
Kansas,GEARY COUNTY,92
Kansas,GOVE COUNTY,70
Kansas,GRAHAM COUNTY,25
Kansas,GRANT COUNTY,26
Kansas,GREELEY COUNTY,50
Kansas,GREENWOOD COUNTY,25
Kansas,HAMILTON COUNTY,69
Kansas,HARPER COUNTY,50
Kansas,HARVEY COUNTY,141
Kansas,HASKELL COUNTY,13
Kansas,HODGEMAN COUNTY,38
Kansas,JACKSON COUNTY,12
Kansas,JEFFERSON COUNTY,74
Kansas,JEWELL COUNTY,25
Kansas,JOHNSON COUNTY,1611
Kansas,KEARNY COUNTY,25
Kansas,KINGMAN COUNTY,25
Kansas,KIOWA COUNTY,15
Kansas,LABETTE COUNTY,67
Kansas,LANE COUNTY,17
Kansas,LEAVENWORTH COUNTY,130
Kansas,LINCOLN COUNTY,14
Kansas,LOGAN COUNTY,71
Kansas,LYON COUNTY,59
Kansas,MARION COUNTY,52
Kansas,MARSHALL COUNTY,25
Kansas,MCPHERSON COUNTY,87
Kansas,MEADE COUNTY,20
Kansas,MIAMI COUNTY,194
Kansas,MITCHELL COUNTY,75
Kansas,MONTGOMERY COUNTY,128
Kansas,MORRIS COUNTY,25
Kansas,MORTON COUNTY,120
Kansas,NEMAHA COUNTY,49
Kansas,NEOSHO COUNTY,25
Kansas,NESS COUNTY,109
Kansas,NORTON COUNTY,25
Kansas,OSBORNE COUNTY,25
Kansas,OTTAWA COUNTY,42
Kansas,PAWNEE COUNTY,638
Kansas,PHILLIPS COUNTY,25
Kansas,POTTAWATOMIE COUNTY,177
Kansas,PRATT COUNTY,85
Kansas,RAWLINS COUNTY,24
Kansas,RENO COUNTY,223
Kansas,REPUBLIC COUNTY,63
Kansas,RICE COUNTY,25
Kansas,RILEY COUNTY,109
Kansas,ROOKS COUNTY,20
Kansas,RUSH COUNTY,36
Kansas,RUSSELL COUNTY,46
Kansas,SALINE COUNTY,214
Kansas,SCOTT COUNTY,50
Kansas,SEDGWICK COUNTY,1140
Kansas,SEWARD COUNTY,101
Kansas,SHAWNEE COUNTY,768
Kansas,SHERIDAN COUNTY,53
Kansas,SHERMAN COUNTY,25
Kansas,SMITH COUNTY,53
Kansas,STAFFORD COUNTY,25
Kansas,STANTON COUNTY,34
Kansas,STEVENS COUNTY,100
Kansas,SUMNER COUNTY,76
Kansas,THOMAS COUNTY,88
Kansas,TREGO COUNTY,62
Kansas,WASHINGTON COUNTY,50
Kansas,WICHITA COUNTY,37
Kansas,WILSON COUNTY,49
Kansas,WYANDOTTE COUNTY,1232
Kentucky,ADAIR COUNTY,77
Kentucky,ALLEN COUNTY,25
Kentucky,BARREN COUNTY,180
Kentucky,BELL COUNTY,216
Kentucky,BOONE COUNTY,201
Kentucky,BOURBON COUNTY,58
Kentucky,BOYD COUNTY,455
Kentucky,BOYLE COUNTY,222
Kentucky,BREATHITT COUNTY,55
Kentucky,BRECKINRIDGE COUNTY,25
Kentucky,CALDWELL COUNTY,25
Kentucky,CALLOWAY COUNTY,152
Kentucky,CAMPBELL COUNTY,284
Kentucky,CARROLL COUNTY,25
Kentucky,CASEY COUNTY,15
Kentucky,CHRISTIAN COUNTY,786
Kentucky,CLARK COUNTY,54
Kentucky,CLAY COUNTY,63
Kentucky,CLINTON COUNTY,42
Kentucky,CRITTENDEN COUNTY,48
Kentucky,CUMBERLAND COUNTY,25
Kentucky,DAVIESS COUNTY,527
Kentucky,ESTILL COUNTY,25
Kentucky,FAYETTE COUNTY,2379
Kentucky,FLEMING COUNTY,52
Kentucky,FLOYD COUNTY,251
Kentucky,FRANKLIN COUNTY,173
Kentucky,FULTON COUNTY,70
Kentucky,GARRARD COUNTY,15
Kentucky,GRANT COUNTY,25
Kentucky,GRAVES COUNTY,107
Kentucky,GRAYSON COUNTY,75
Kentucky,GREEN COUNTY,35
Kentucky,GREENUP COUNTY,190
Kentucky,HARDIN COUNTY,465
Kentucky,HARLAN COUNTY,150
Kentucky,HARRISON COUNTY,61
Kentucky,HART COUNTY,25
Kentucky,HENDERSON COUNTY,192
Kentucky,HOPKINS COUNTY,390
Kentucky,JEFFERSON COUNTY,4795
Kentucky,JOHNSON COUNTY,72
Kentucky,KENTON COUNTY,728
Kentucky,KNOX COUNTY,25
Kentucky,LAUREL COUNTY,150
Kentucky,LAWRENCE COUNTY,90
Kentucky,LESLIE COUNTY,25
Kentucky,LETCHER COUNTY,90
Kentucky,LINCOLN COUNTY,25
Kentucky,LIVINGSTON COUNTY,25
Kentucky,LOGAN COUNTY,75
Kentucky,MADISON COUNTY,130
Kentucky,MARION COUNTY,75
Kentucky,MARSHALL COUNTY,25
Kentucky,MASON COUNTY,100
Kentucky,MCCRACKEN COUNTY,708
Kentucky,MERCER COUNTY,25
Kentucky,MONROE COUNTY,49
Kentucky,MONTGOMERY COUNTY,42
Kentucky,MORGAN COUNTY,25
Kentucky,MUHLENBERG COUNTY,90
Kentucky,NELSON COUNTY,40
Kentucky,NICHOLAS COUNTY,18
Kentucky,OHIO COUNTY,25
Kentucky,OLDHAM COUNTY,187
Kentucky,OWEN COUNTY,25
Kentucky,PERRY COUNTY,358
Kentucky,PIKE COUNTY,374
Kentucky,PULASKI COUNTY,295
Kentucky,ROCKCASTLE COUNTY,26
Kentucky,ROWAN COUNTY,149
Kentucky,RUSSELL COUNTY,25
Kentucky,SCOTT COUNTY,75
Kentucky,SHELBY COUNTY,70
Kentucky,SIMPSON COUNTY,25
Kentucky,TAYLOR COUNTY,90
Kentucky,TRIGG COUNTY,25
Kentucky,UNION COUNTY,25
Kentucky,WARREN COUNTY,733
Kentucky,WAYNE COUNTY,25
Kentucky,WHITLEY COUNTY,273
Kentucky,WOODFORD COUNTY,25
Louisiana,ACADIA COUNTY,59
Louisiana,ALLEN COUNTY,76
Louisiana,ASCENSION COUNTY,125
Louisiana,ASSUMPTION COUNTY,6
Louisiana,AVOYELLES COUNTY,55
Louisiana,BEAUREGARD COUNTY,80
Louisiana,BIENVILLE COUNTY,21
Louisiana,BOSSIER COUNTY,404
Louisiana,CADDO COUNTY,2328
Louisiana,CALCASIEU COUNTY,788
Louisiana,CALDWELL COUNTY,65
Louisiana,CAMERON COUNTY,49
Louisiana,CLAIBORNE COUNTY,0
Louisiana,CONCORDIA COUNTY,65
Louisiana,DE SOTO COUNTY,0
Louisiana,EAST BATON ROUGE COUNTY,2733
Louisiana,EAST CARROLL COUNTY,11
Louisiana,EAST FELICIANA COUNTY,506
Louisiana,EVANGELINE COUNTY,250
Louisiana,FRANKLIN COUNTY,43
Louisiana,IBERIA COUNTY,211
Louisiana,IBERVILLE COUNTY,0
Louisiana,JACKSON COUNTY,25
Louisiana,JEFFERSON COUNTY,1628
Louisiana,JEFFERSON DAVIS COUNTY,96
Louisiana,LA SALLE COUNTY,84
Louisiana,LAFAYETTE COUNTY,1120
Louisiana,LAFOURCHE COUNTY,203
Louisiana,LINCOLN COUNTY,159
Louisiana,LIVINGSTON COUNTY,59
Louisiana,MADISON COUNTY,25
Louisiana,MOREHOUSE COUNTY,82
Louisiana,NATCHITOCHES COUNTY,208
Louisiana,ORLEANS COUNTY,1671
Louisiana,OUACHITA COUNTY,679
Louisiana,POINTE COUPEE COUNTY,25
Louisiana,RAPIDES COUNTY,966
Louisiana,RED RIVER COUNTY,37
Louisiana,RICHLAND COUNTY,56
Louisiana,SABINE COUNTY,44
Louisiana,SAINT BERNARD COUNTY,0
Louisiana,ST. BERNARD COUNTY,0
Louisiana,ST. CHARLES COUNTY,59
Louisiana,ST. HELENA COUNTY,25
Louisiana,ST. JAMES COUNTY,20
Louisiana,ST. JOHN THE BAPTIST COUNTY,62
Louisiana,ST. LANDRY COUNTY,605
Louisiana,ST. MARTIN COUNTY,25
Louisiana,ST. MARY COUNTY,187
Louisiana,ST. TAMMANY COUNTY,946
Louisiana,TANGIPAHOA COUNTY,424
Louisiana,TERREBONNE COUNTY,367
Louisiana,UNION COUNTY,54
Louisiana,VERMILION COUNTY,95
Louisiana,VERNON COUNTY,119
Louisiana,WASHINGTON COUNTY,45
Louisiana,WEBSTER COUNTY,196
Louisiana,WEST CARROLL COUNTY,21
Louisiana,WEST FELICIANA COUNTY,22
Louisiana,WINN COUNTY,99
Maine,ANDROSCOGGIN COUNTY,483
Maine,AROOSTOOK COUNTY,256
Maine,CUMBERLAND COUNTY,1269
Maine,FRANKLIN COUNTY,65
Maine,HANCOCK COUNTY,114
Maine,KENNEBEC COUNTY,773
Maine,KNOX COUNTY,109
Maine,LINCOLN COUNTY,84
Maine,OXFORD COUNTY,75
Maine,PENOBSCOT COUNTY,773
Maine,PISCATAQUIS COUNTY,50
Maine,SOMERSET COUNTY,50
Maine,WALDO COUNTY,25
Maine,WASHINGTON COUNTY,50
Maine,YORK COUNTY,294
Maryland,ALLEGANY COUNTY,451
Maryland,ANNE ARUNDEL COUNTY,673
Maryland,BALTIMORE CITY COUNTY,4613
Maryland,BALTIMORE COUNTY,1983
Maryland,CALVERT COUNTY,76
Maryland,CARROLL COUNTY,409
Maryland,CECIL COUNTY,122
Maryland,CHARLES COUNTY,89
Maryland,DORCHESTER COUNTY,409
Maryland,FREDERICK COUNTY,308
Maryland,GARRETT COUNTY,55
Maryland,HARFORD COUNTY,255
Maryland,HOWARD COUNTY,581
Maryland,KENT COUNTY,26
Maryland,MONTGOMERY COUNTY,1492
Maryland,PRINCE GEORGE'S COUNTY,866
Maryland,SOMERSET COUNTY,89
Maryland,ST. MARY'S COUNTY,95
Maryland,TALBOT COUNTY,132
Maryland,WASHINGTON COUNTY,372
Maryland,WICOMICO COUNTY,416
Maryland,WORCESTER COUNTY,45
Massachusetts,BARNSTABLE COUNTY,407
Massachusetts,BERKSHIRE COUNTY,359
Massachusetts,BRISTOL COUNTY,1399
Massachusetts,DUKES COUNTY,25
Massachusetts,ESSEX COUNTY,1443
Massachusetts,FRANKLIN COUNTY,89
Massachusetts,HAMPDEN COUNTY,1773
Massachusetts,HAMPSHIRE COUNTY,165
Massachusetts,MIDDLESEX COUNTY,4150
Massachusetts,NANTUCKET COUNTY,19
Massachusetts,NORFOLK COUNTY,1786
Massachusetts,PLYMOUTH COUNTY,872
Massachusetts,SUFFOLK COUNTY,6162
Massachusetts,WORCESTER COUNTY,2233
Michigan,ALGER COUNTY,11
Michigan,ALLEGAN COUNTY,68
Michigan,ALPENA COUNTY,124
Michigan,ARENAC COUNTY,25
Michigan,BARAGA COUNTY,15
Michigan,BARRY COUNTY,49
Michigan,BAY COUNTY,389
Michigan,BENZIE COUNTY,8
Michigan,BERRIEN COUNTY,512
Michigan,BRANCH COUNTY,96
Michigan,CALHOUN COUNTY,317
Michigan,CASS COUNTY,25
Michigan,CHARLEVOIX COUNTY,25
Michigan,CHIPPEWA COUNTY,82
Michigan,CLARE COUNTY,49
Michigan,CLINTON COUNTY,25
Michigan,CRAWFORD COUNTY,71
Michigan,DELTA COUNTY,25
Michigan,DICKINSON COUNTY,96
Michigan,EATON COUNTY,45
Michigan,EMMET COUNTY,178
Michigan,GENESEE COUNTY,1169
Michigan,GLADWIN COUNTY,25
Michigan,GOGEBIC COUNTY,25
Michigan,GRAND TRAVERSE COUNTY,377
Michigan,GRATIOT COUNTY,67
Michigan,HILLSDALE COUNTY,65
Michigan,HOUGHTON COUNTY,61
Michigan,HURON COUNTY,88
Michigan,INGHAM COUNTY,1123
Michigan,IONIA COUNTY,47
Michigan,IOSCO COUNTY,49
Michigan,IRON COUNTY,25
Michigan,ISABELLA COUNTY,118
Michigan,JACKSON COUNTY,389
Michigan,KALAMAZOO COUNTY,821
Michigan,KALKASKA COUNTY,8
Michigan,KENT COUNTY,1860
Michigan,LAPEER COUNTY,183
Michigan,LENAWEE COUNTY,113
Michigan,LIVINGSTON COUNTY,177
Michigan,LUCE COUNTY,25
Michigan,MACKINAC COUNTY,15
Michigan,MACOMB COUNTY,1322
Michigan,MANISTEE COUNTY,45
Michigan,MARQUETTE COUNTY,289
Michigan,MASON COUNTY,49
Michigan,MECOSTA COUNTY,69
Michigan,MIDLAND COUNTY,308
Michigan,MONROE COUNTY,217
Michigan,MONTCALM COUNTY,148
Michigan,MUSKEGON COUNTY,413
Michigan,NEWAYGO COUNTY,25
Michigan,OAKLAND COUNTY,4435
Michigan,OCEANA COUNTY,24
Michigan,OGEMAW COUNTY,88
Michigan,ONTONAGON COUNTY,25
Michigan,OSCEOLA COUNTY,25
Michigan,OTSEGO COUNTY,46
Michigan,OTTAWA COUNTY,311
Michigan,PRESQUE ISLE COUNTY,28
Michigan,SAGINAW COUNTY,968
Michigan,SANILAC COUNTY,65
Michigan,SCHOOLCRAFT COUNTY,37
Michigan,SHIAWASSEE COUNTY,107
Michigan,ST. CLAIR COUNTY,398
Michigan,ST. JOSEPH COUNTY,144
Michigan,TUSCOLA COUNTY,50
Michigan,VAN BUREN COUNTY,84
Michigan,WASHTENAW COUNTY,1719
Michigan,WAYNE COUNTY,6079
Michigan,WEXFORD COUNTY,49
Minnesota,AITKIN COUNTY,25
Minnesota,ANOKA COUNTY,546
Minnesota,BECKER COUNTY,87
Minnesota,BELTRAMI COUNTY,118
Minnesota,BIG STONE COUNTY,40
Minnesota,BLUE EARTH COUNTY,272
Minnesota,BROWN COUNTY,102
Minnesota,CARLTON COUNTY,61
Minnesota,CARVER COUNTY,109
Minnesota,CASS COUNTY,0
Minnesota,CHIPPEWA COUNTY,30
Minnesota,CHISAGO COUNTY,61
Minnesota,CLEARWATER COUNTY,25
Minnesota,COOK COUNTY,16
Minnesota,COTTONWOOD COUNTY,26
Minnesota,CROW WING COUNTY,212
Minnesota,DAKOTA COUNTY,259
Minnesota,DOUGLAS COUNTY,127
Minnesota,FARIBAULT COUNTY,43
Minnesota,FREEBORN COUNTY,159
Minnesota,GOODHUE COUNTY,104
Minnesota,GRANT COUNTY,30
Minnesota,HENNEPIN COUNTY,4668
Minnesota,HUBBARD COUNTY,50
Minnesota,ISANTI COUNTY,86
Minnesota,ITASCA COUNTY,106
Minnesota,JACKSON COUNTY,20
Minnesota,KANABEC COUNTY,49
Minnesota,KANDIYOHI COUNTY,136
Minnesota,KITTSON COUNTY,15
Minnesota,KOOCHICHING COUNTY,49
Minnesota,LAC QUI PARLE COUNTY,32
Minnesota,LAKE COUNTY,25
Minnesota,LAKE OF THE WOODS COUNTY,15
Minnesota,LE SUEUR COUNTY,15
Minnesota,LINCOLN COUNTY,44
Minnesota,LYON COUNTY,74
Minnesota,MAHNOMEN COUNTY,18
Minnesota,MARSHALL COUNTY,32
Minnesota,MARTIN COUNTY,57
Minnesota,MCLEOD COUNTY,115
Minnesota,MEEKER COUNTY,35
Minnesota,MILLE LACS COUNTY,28
Minnesota,MORRISON COUNTY,49
Minnesota,MOWER COUNTY,82
Minnesota,MURRAY COUNTY,25
Minnesota,NICOLLET COUNTY,17
Minnesota,NOBLES COUNTY,48
Minnesota,NORMAN COUNTY,14
Minnesota,OLMSTED COUNTY,2120
Minnesota,OTTER TAIL COUNTY,133
Minnesota,PENNINGTON COUNTY,35
Minnesota,PENNINTON COUNTY,26
Minnesota,PINE COUNTY,70
Minnesota,PIPESTONE COUNTY,44
Minnesota,POLK COUNTY,92
Minnesota,POPE COUNTY,34
Minnesota,RAMSEY COUNTY,1907
Minnesota,REDWOOD COUNTY,25
Minnesota,RENVILLE COUNTY,41
Minnesota,RICE COUNTY,49
Minnesota,ROCK COUNTY,28
Minnesota,ROSEAU COUNTY,25
Minnesota,SCOTT COUNTY,142
Minnesota,SHERBURNE COUNTY,54
Minnesota,SIBLEY COUNTY,20
Minnesota,ST. LOUIS COUNTY,1125
Minnesota,STEARNS COUNTY,588
Minnesota,STEELE COUNTY,43
Minnesota,STEVENS COUNTY,54
Minnesota,SWIFT COUNTY,46
Minnesota,TODD COUNTY,71
Minnesota,TRAVERSE COUNTY,25
Minnesota,WABASHA COUNTY,25
Minnesota,WADENA COUNTY,49
Minnesota,WASECA COUNTY,35
Minnesota,WASHINGTON COUNTY,183
Minnesota,WATONWAN COUNTY,50
Minnesota,WILKIN COUNTY,25
Minnesota,WINONA COUNTY,99
Minnesota,WRIGHT COUNTY,104
Minnesota,YELLOW MEDICINE COUNTY,55
Mississippi,ADAMS COUNTY,280
Mississippi,ALCORN COUNTY,200
Mississippi,ATTALA COUNTY,25
Mississippi,BOLIVAR COUNTY,165
Mississippi,CALHOUN COUNTY,25
Mississippi,CHICKASAW COUNTY,84
Mississippi,CHOCTAW COUNTY,50
Mississippi,CLAIBORNE COUNTY,32
Mississippi,CLARKE COUNTY,25
Mississippi,CLAY COUNTY,60
Mississippi,COAHOMA COUNTY,181
Mississippi,COPIAH COUNTY,50
Mississippi,COVINGTON COUNTY,35
Mississippi,DESOTO COUNTY,514
Mississippi,FORREST COUNTY,545
Mississippi,FRANKLIN COUNTY,25
Mississippi,GEORGE COUNTY,48
Mississippi,GREENE COUNTY,7
Mississippi,GRENADA COUNTY,156
Mississippi,HANCOCK COUNTY,102
Mississippi,HARRISON COUNTY,867
Mississippi,HINDS COUNTY,2463
Mississippi,HOLMES COUNTY,25
Mississippi,HUMPHREYS COUNTY,34
Mississippi,JACKSON COUNTY,571
Mississippi,JASPER COUNTY,16
Mississippi,JEFFERSON COUNTY,30
Mississippi,JEFFERSON DAVIS COUNTY,35
Mississippi,JONES COUNTY,285
Mississippi,KEMPER COUNTY,25
Mississippi,LAFAYETTE COUNTY,217
Mississippi,LAMAR COUNTY,261
Mississippi,LAUDERDALE COUNTY,988
Mississippi,LAWRENCE COUNTY,25
Mississippi,LEAKE COUNTY,25
Mississippi,LEE COUNTY,700
Mississippi,LEFLORE COUNTY,248
Mississippi,LINCOLN COUNTY,99
Mississippi,LOWNDES COUNTY,315
Mississippi,MADISON COUNTY,134
Mississippi,MARION COUNTY,49
Mississippi,MARSHALL COUNTY,40
Mississippi,MONROE COUNTY,130
Mississippi,MONTGOMERY COUNTY,44
Mississippi,NESHOBA COUNTY,48
Mississippi,NEWTON COUNTY,55
Mississippi,NOXUBEE COUNTY,25
Mississippi,OKTIBBEHA COUNTY,96
Mississippi,PANOLA COUNTY,112
Mississippi,PEARL RIVER COUNTY,179
Mississippi,PERRY COUNTY,22
Mississippi,PIKE COUNTY,197
Mississippi,PONTOTOC COUNTY,25
Mississippi,PRENTISS COUNTY,114
Mississippi,QUITMAN COUNTY,33
Mississippi,RANKIN COUNTY,2081
Mississippi,SCOTT COUNTY,60
Mississippi,SHARKEY COUNTY,29
Mississippi,SIMPSON COUNTY,99
Mississippi,SMITH COUNTY,29
Mississippi,STONE COUNTY,25
Mississippi,SUNFLOWER COUNTY,140
Mississippi,TALLAHATCHIE COUNTY,18
Mississippi,TATE COUNTY,76
Mississippi,TIPPAH COUNTY,25
Mississippi,TISHOMINGO COUNTY,48
Mississippi,UNION COUNTY,153
Mississippi,WALTHALL COUNTY,25
Mississippi,WARREN COUNTY,396
Mississippi,WASHINGTON COUNTY,363
Mississippi,WAYNE COUNTY,80
Mississippi,WEBSTER COUNTY,38
Mississippi,WILKINSON COUNTY,50
Mississippi,WINSTON COUNTY,93
Mississippi,YALOBUSHA COUNTY,26
Mississippi,YAZOO COUNTY,25
Missouri,ADAIR COUNTY,93
Missouri,ATCHISON COUNTY,18
Missouri,AUDRAIN COUNTY,88
Missouri,BARRY COUNTY,43
Missouri,BARTON COUNTY,25
Missouri,BATES COUNTY,60
Missouri,BOONE COUNTY,620
Missouri,BUCHANAN COUNTY,393
Missouri,BUTLER COUNTY,142
Missouri,CALLAWAY COUNTY,37
Missouri,CAMDEN COUNTY,130
Missouri,CAPE GIRARDEAU COUNTY,601
Missouri,CARROLL COUNTY,25
Missouri,CASS COUNTY,106
Missouri,CEDAR COUNTY,41
Missouri,CLAY COUNTY,905
Missouri,CLINTON COUNTY,58
Missouri,COLE COUNTY,402
Missouri,COOPER COUNTY,70
Missouri,CRAWFORD COUNTY,35
Missouri,DENT COUNTY,55
Missouri,DUNKLIN COUNTY,116
Missouri,FRANKLIN COUNTY,148
Missouri,GASCONADE COUNTY,24
Missouri,GENTRY COUNTY,35
Missouri,GREENE COUNTY,1402
Missouri,GRUNDY COUNTY,25
Missouri,HARRISON COUNTY,19
Missouri,HENRY COUNTY,97
Missouri,HOWELL COUNTY,139
Missouri,IRON COUNTY,15
Missouri,JACKSON COUNTY,4101
Missouri,JASPER COUNTY,366
Missouri,JEFFERSON COUNTY,251
Missouri,JOHNSON COUNTY,75
Missouri,LACLEDE COUNTY,58
Missouri,LAFAYETTE COUNTY,32
Missouri,LAWRENCE COUNTY,132
Missouri,LINCOLN COUNTY,25
Missouri,LINN COUNTY,54
Missouri,LIVINGSTON COUNTY,50
Missouri,MACON COUNTY,25
Missouri,MADISON COUNTY,144
Missouri,MARION COUNTY,99
Missouri,NEWTON COUNTY,463
Missouri,NODAWAY COUNTY,81
Missouri,PEMISCOT COUNTY,167
Missouri,PERRY COUNTY,25
Missouri,PETTIS COUNTY,145
Missouri,PHELPS COUNTY,242
Missouri,PIKE COUNTY,25
Missouri,PLATTE COUNTY,97
Missouri,POLK COUNTY,86
Missouri,PULASKI COUNTY,0
Missouri,PUTNAM COUNTY,15
Missouri,RANDOLPH COUNTY,100
Missouri,RAY COUNTY,34
Missouri,REYNOLDS COUNTY,0
Missouri,RIPLEY COUNTY,21
Missouri,SALINE COUNTY,75
Missouri,SCOTLAND COUNTY,25
Missouri,SCOTT COUNTY,144
Missouri,ST. CHARLES COUNTY,852
Missouri,ST. CLAIR COUNTY,59
Missouri,ST. FRANCOIS COUNTY,231
Missouri,ST. LOUIS CITY COUNTY,4324
Missouri,ST. LOUIS COUNTY,4928
Missouri,STE. GENEVIEVE COUNTY,47
Missouri,STODDARD COUNTY,48
Missouri,SULLIVAN COUNTY,25
Missouri,TANEY COUNTY,157
Missouri,TEXAS COUNTY,66
Missouri,VERNON COUNTY,140
Missouri,WASHINGTON COUNTY,25
Montana,BEAVERHEAD COUNTY,25
Montana,BIG HORN COUNTY,61
Montana,BLAINE COUNTY,0
Montana,BROADWATER COUNTY,44
Montana,CARBON COUNTY,10
Montana,CARTER COUNTY,31
Montana,CASCADE COUNTY,436
Montana,CHOUTEAU COUNTY,82
Montana,CUSTER COUNTY,90
Montana,DANIELS COUNTY,54
Montana,DAWSON COUNTY,96
Montana,DEER LODGE COUNTY,261
Montana,FALLON COUNTY,40
Montana,FERGUS COUNTY,90
Montana,FLATHEAD COUNTY,231
Montana,GALLATIN COUNTY,90
Montana,GARFIELD COUNTY,24
Montana,GLACIER COUNTY,13
Montana,GRANITE COUNTY,9
Montana,HILL COUNTY,49
Montana,LAKE COUNTY,105
Montana,LEWIS AND CLARK COUNTY,143
Montana,LIBERTY COUNTY,25
Montana,LINCOLN COUNTY,25
Montana,MADISON COUNTY,20
Montana,MCCONE COUNTY,25
Montana,MEAGHER COUNTY,25
Montana,MINERAL COUNTY,25
Montana,MISSOULA COUNTY,404
Montana,MUSSELSHELL COUNTY,25
Montana,PARK COUNTY,25
Montana,PHILLIPS COUNTY,6
Montana,PONDERA COUNTY,79
Montana,POWELL COUNTY,16
Montana,PRAIRIE COUNTY,22
Montana,RAVALLI COUNTY,37
Montana,RICHLAND COUNTY,118
Montana,ROOSEVELT COUNTY,45
Montana,ROSEBUD COUNTY,55
Montana,SANDERS COUNTY,44
Montana,SHERIDAN COUNTY,97
Montana,SILVER BOW COUNTY,206
Montana,STILLWATER COUNTY,23
Montana,SWEET GRASS COUNTY,50
Montana,TETON COUNTY,40
Montana,TOOLE COUNTY,25
Montana,VALLEY COUNTY,25
Montana,WHEATLAND COUNTY,25
Montana,YELLOWSTONE COUNTY,630
Nebraska,ADAMS COUNTY,161
Nebraska,ANTELOPE COUNTY,37
Nebraska,BOONE COUNTY,25
Nebraska,BOX BUTTE COUNTY,25
Nebraska,BOYD COUNTY,20
Nebraska,BROWN COUNTY,23
Nebraska,BUFFALO COUNTY,322
Nebraska,BURT COUNTY,18
Nebraska,BUTLER COUNTY,20
Nebraska,CHASE COUNTY,22
Nebraska,CHERRY COUNTY,25
Nebraska,CHEYENNE COUNTY,113
Nebraska,COLFAX COUNTY,25
Nebraska,CUMING COUNTY,25
Nebraska,CUSTER COUNTY,35
Nebraska,DAWES COUNTY,25
Nebraska,DAWSON COUNTY,58
Nebraska,DODGE COUNTY,81
Nebraska,DOUGLAS COUNTY,3068
Nebraska,DUNDY COUNTY,14
Nebraska,FILLMORE COUNTY,20
Nebraska,FRANKLIN COUNTY,14
Nebraska,FURNAS COUNTY,20
Nebraska,GAGE COUNTY,50
Nebraska,GARDEN COUNTY,10
Nebraska,HALL COUNTY,159
Nebraska,HAMILTON COUNTY,14
Nebraska,HARLAN COUNTY,19
Nebraska,HOLT COUNTY,43
Nebraska,HOWARD COUNTY,25
Nebraska,JEFFERSON COUNTY,17
Nebraska,JOHNSON COUNTY,18
Nebraska,KEARNEY COUNTY,10
Nebraska,KEITH COUNTY,18
Nebraska,KIMBALL COUNTY,12
Nebraska,KNOX COUNTY,23
Nebraska,LANCASTER COUNTY,1354
Nebraska,LINCOLN COUNTY,116
Nebraska,MADISON COUNTY,281
Nebraska,MERRICK COUNTY,20
Nebraska,MORRILL COUNTY,20
Nebraska,NANCE COUNTY,19
Nebraska,NEMAHA COUNTY,16
Nebraska,NUCKOLLS COUNTY,25
Nebraska,OTOE COUNTY,54
Nebraska,PAWNEE COUNTY,11
Nebraska,PERKINS COUNTY,20
Nebraska,PHELPS COUNTY,25
Nebraska,PIERCE COUNTY,40
Nebraska,PLATTE COUNTY,51
Nebraska,POLK COUNTY,16
Nebraska,RED WILLOW COUNTY,25
Nebraska,RICHARDSON COUNTY,24
Nebraska,ROCK COUNTY,24
Nebraska,SALINE COUNTY,43
Nebraska,SARPY COUNTY,208
Nebraska,SAUNDERS COUNTY,16
Nebraska,SCOTTS BLUFF COUNTY,166
Nebraska,SEWARD COUNTY,24
Nebraska,SHERIDAN COUNTY,25
Nebraska,THAYER COUNTY,19
Nebraska,THURSTON COUNTY,21
Nebraska,VALLEY COUNTY,16
Nebraska,WASHINGTON COUNTY,25
Nebraska,WAYNE COUNTY,25
Nebraska,WEBSTER COUNTY,13
Nebraska,YORK COUNTY,38
Nevada,CARSON CITY COUNTY,229
Nevada,CHURCHILL COUNTY,40
Nevada,CLARK COUNTY,5467
Nevada,DOUGLAS COUNTY,23
Nevada,ELKO COUNTY,50
Nevada,HUMBOLDT COUNTY,52
Nevada,LANDER COUNTY,7
Nevada,LINCOLN COUNTY,20
Nevada,LYON COUNTY,63
Nevada,MINERAL COUNTY,11
Nevada,NYE COUNTY,69
Nevada,PERSHING COUNTY,38
Nevada,WASHOE COUNTY,1690
Nevada,WHITE PINE COUNTY,12
New Hampshire,BELKNAP COUNTY,137
New Hampshire,CARROLL COUNTY,50
New Hampshire,CHESHIRE COUNTY,169
New Hampshire,COOS COUNTY,66
New Hampshire,GRAFTON COUNTY,496
New Hampshire,HILLSBOROUGH COUNTY,1164
New Hampshire,MERRIMACK COUNTY,395
New Hampshire,ROCKINGHAM COUNTY,606
New Hampshire,STRAFFORD COUNTY,290
New Hampshire,SULLIVAN COUNTY,25
New Jersey,ATLANTIC COUNTY,1573
New Jersey,BERGEN COUNTY,3019
New Jersey,BURLINGTON COUNTY,1112
New Jersey,CAMDEN COUNTY,2828
New Jersey,CAPE MAY COUNTY,242
New Jersey,CUMBERLAND COUNTY,511
New Jersey,ESSEX COUNTY,4447
New Jersey,GLOUCESTER COUNTY,609
New Jersey,HUDSON COUNTY,1878
New Jersey,HUNTERDON COUNTY,184
New Jersey,MERCER COUNTY,2058
New Jersey,MIDDLESEX COUNTY,2782
New Jersey,MONMOUTH COUNTY,2176
New Jersey,MORRIS COUNTY,2005
New Jersey,OCEAN COUNTY,1522
New Jersey,PASSAIC COUNTY,1456
New Jersey,SALEM COUNTY,222
New Jersey,SOMERSET COUNTY,759
New Jersey,SUSSEX COUNTY,146
New Jersey,UNION COUNTY,1521
New Jersey,WARREN COUNTY,309
New Mexico,BERNALILLO COUNTY,2020
New Mexico,CHAVES COUNTY,229
New Mexico,CIBOLA COUNTY,50
New Mexico,COLFAX COUNTY,25
New Mexico,CURRY COUNTY,106
New Mexico,DONA ANA COUNTY,603
New Mexico,EDDY COUNTY,161
New Mexico,GRANT COUNTY,71
New Mexico,GUADALUPE COUNTY,10
New Mexico,LEA COUNTY,211
New Mexico,LINCOLN COUNTY,25
New Mexico,LOS ALAMOS COUNTY,47
New Mexico,LUNA COUNTY,25
New Mexico,MCKINLEY COUNTY,228
New Mexico,OTERO COUNTY,112
New Mexico,QUAY COUNTY,25
New Mexico,RIO ARRIBA COUNTY,80
New Mexico,ROOSEVELT COUNTY,30
New Mexico,SAN JUAN COUNTY,267
New Mexico,SAN MIGUEL COUNTY,175
New Mexico,SANDOVAL COUNTY,271
New Mexico,SANTA FE COUNTY,258
New Mexico,SIERRA COUNTY,25
New Mexico,SOCORRO COUNTY,24
New Mexico,TAOS COUNTY,29
New Mexico,UNION COUNTY,25
New York,ALBANY COUNTY,1381
New York,ALLEGANY COUNTY,76
New York,BRONX COUNTY,3822
New York,BROOME COUNTY,742
New York,CATTARAUGUS COUNTY,248
New York,CAYUGA COUNTY,99
New York,CHAUTAUQUA COUNTY,399
New York,CHEMUNG COUNTY,391
New York,CHENANGO COUNTY,58
New York,CLINTON COUNTY,300
New York,COLUMBIA COUNTY,192
New York,CORTLAND COUNTY,162
New York,DELAWARE COUNTY,67
New York,DUTCHESS COUNTY,676
New York,ERIE COUNTY,2788
New York,ESSEX COUNTY,40
New York,FRANKLIN COUNTY,173
New York,FULTON COUNTY,74
New York,GENESEE COUNTY,131
New York,HERKIMER COUNTY,25
New York,JEFFERSON COUNTY,344
New York,KINGS COUNTY,6166
New York,LEWIS COUNTY,31
New York,LIVINGSTON COUNTY,67
New York,MADISON COUNTY,126
New York,MONROE COUNTY,2009
New York,MONTGOMERY COUNTY,130
New York,NASSAU COUNTY,4343
New York,NEW YORK COUNTY,11052
New York,NIAGARA COUNTY,623
New York,ONEIDA COUNTY,725
New York,ONONDAGA COUNTY,1672
New York,ONTARIO COUNTY,399
New York,ORANGE COUNTY,902
New York,ORLEANS COUNTY,39
New York,OSWEGO COUNTY,158
New York,OTSEGO COUNTY,240
New York,PUTNAM COUNTY,164
New York,QUEENS COUNTY,3734
New York,RENSSELAER COUNTY,423
New York,RICHMOND COUNTY,1187
New York,ROCKLAND COUNTY,1169
New York,SARATOGA COUNTY,259
New York,SCHENECTADY COUNTY,538
New York,SCHOHARIE COUNTY,40
New York,SCHUYLER COUNTY,25
New York,ST. LAWRENCE COUNTY,319
New York,STEUBEN COUNTY,214
New York,SUFFOLK COUNTY,3583
New York,SULLIVAN COUNTY,169
New York,TOMPKINS COUNTY,212
New York,ULSTER COUNTY,325
New York,WARREN COUNTY,410
New York,WAYNE COUNTY,120
New York,WESTCHESTER COUNTY,3235
New York,WYOMING COUNTY,62
New York,YATES COUNTY,25
North Carolina,ALAMANCE COUNTY,238
North Carolina,ALEXANDER COUNTY,25
North Carolina,ALLEGHANY COUNTY,41
North Carolina,ANSON COUNTY,162
North Carolina,ASHE COUNTY,76
North Carolina,AVERY COUNTY,50
North Carolina,BEAUFORT COUNTY,303
North Carolina,BERTIE COUNTY,6
North Carolina,BLADEN COUNTY,58
North Carolina,BRUNSWICK COUNTY,160
North Carolina,BUNCOMBE COUNTY,877
North Carolina,BURKE COUNTY,446
North Carolina,CABARRUS COUNTY,497
North Carolina,CALDWELL COUNTY,110
North Carolina,CARTERET COUNTY,135
North Carolina,CATAWBA COUNTY,613
North Carolina,CHATHAM COUNTY,25
North Carolina,CHEROKEE COUNTY,191
North Carolina,CHOWAN COUNTY,89
North Carolina,CLEVELAND COUNTY,431
North Carolina,COLUMBUS COUNTY,154
North Carolina,CRAVEN COUNTY,350
North Carolina,CUMBERLAND COUNTY,666
North Carolina,DARE COUNTY,21
North Carolina,DAVIDSON COUNTY,243
North Carolina,DAVIE COUNTY,131
North Carolina,DUPLIN COUNTY,101
North Carolina,DURHAM COUNTY,1360
North Carolina,EDGECOMBE COUNTY,117
North Carolina,FORSYTH COUNTY,1855
North Carolina,FRANKLIN COUNTY,83
North Carolina,GASTON COUNTY,475
North Carolina,GRANVILLE COUNTY,142
North Carolina,GUILFORD COUNTY,1833
North Carolina,HALIFAX COUNTY,306
North Carolina,HARNETT COUNTY,167
North Carolina,HAYWOOD COUNTY,190
North Carolina,HENDERSON COUNTY,325
North Carolina,HERTFORD COUNTY,114
North Carolina,HOKE COUNTY,49
North Carolina,IREDELL COUNTY,501
North Carolina,JACKSON COUNTY,86
North Carolina,JOHNSTON COUNTY,199
North Carolina,LEE COUNTY,127
North Carolina,LENOIR COUNTY,261
North Carolina,LINCOLN COUNTY,101
North Carolina,MACON COUNTY,83
North Carolina,MARTIN COUNTY,49
North Carolina,MCDOWELL COUNTY,65
North Carolina,MECKLENBURG COUNTY,2949
North Carolina,MITCHELL COUNTY,46
North Carolina,MONTGOMERY COUNTY,37
North Carolina,MOORE COUNTY,372
North Carolina,NASH COUNTY,403
North Carolina,NEW HANOVER COUNTY,769
North Carolina,ONSLOW COUNTY,162
North Carolina,ORANGE COUNTY,896
North Carolina,PASQUOTANK COUNTY,182
North Carolina,PENDER COUNTY,86
North Carolina,PERSON COUNTY,110
North Carolina,PITT COUNTY,909
North Carolina,POLK COUNTY,35
North Carolina,RANDOLPH COUNTY,145
North Carolina,RICHMOND COUNTY,163
North Carolina,ROBESON COUNTY,452
North Carolina,ROCKINGHAM COUNTY,352
North Carolina,ROWAN COUNTY,268
North Carolina,RUTHERFORD COUNTY,143
North Carolina,SAMPSON COUNTY,146
North Carolina,SCOTLAND COUNTY,104
North Carolina,STANLY COUNTY,109
North Carolina,STOKES COUNTY,93
North Carolina,SURRY COUNTY,226
North Carolina,SWAIN COUNTY,76
North Carolina,TRANSYLVANIA COUNTY,94
North Carolina,UNION COUNTY,227
North Carolina,VANCE COUNTY,102
North Carolina,WAKE COUNTY,1781
North Carolina,WASHINGTON COUNTY,49
North Carolina,WATAUGA COUNTY,217
North Carolina,WAYNE COUNTY,316
North Carolina,WILKES COUNTY,130
North Carolina,WILSON COUNTY,317
North Carolina,YADKIN COUNTY,22
North Dakota,ADAMS COUNTY,25
North Dakota,BARNES COUNTY,25
North Dakota,BOTTINEAU COUNTY,25
North Dakota,BOWMAN COUNTY,23
North Dakota,BURLEIGH COUNTY,510
North Dakota,CASS COUNTY,1262
North Dakota,CAVALIER COUNTY,20
North Dakota,DICKEY COUNTY,20
North Dakota,DIVIDE COUNTY,15
North Dakota,EMMONS COUNTY,14
North Dakota,FOSTER COUNTY,25
North Dakota,GRAND FORKS COUNTY,641
North Dakota,GRANT COUNTY,30
North Dakota,GRIGGS COUNTY,18
North Dakota,MCINTOSH COUNTY,44
North Dakota,MCKENZIE COUNTY,24
North Dakota,MCLEAN COUNTY,47
North Dakota,MERCER COUNTY,13
North Dakota,MORTON COUNTY,41
North Dakota,MOUNTRAIL COUNTY,11
North Dakota,NELSON COUNTY,19
North Dakota,PEMBINA COUNTY,20
North Dakota,PIERCE COUNTY,25
North Dakota,RAMSEY COUNTY,25
North Dakota,RANSOM COUNTY,25
North Dakota,ROLETTE COUNTY,25
North Dakota,SIOUX COUNTY,0
North Dakota,STARK COUNTY,50
North Dakota,STUTSMAN COUNTY,165
North Dakota,TOWNER COUNTY,20
North Dakota,TRAILL COUNTY,41
North Dakota,WALSH COUNTY,28
North Dakota,WARD COUNTY,527
North Dakota,WELLS COUNTY,25
North Dakota,WILLIAMS COUNTY,50
Northern Mariana Islands,NOT AVAILABLE COUNTY,0
Ohio,ADAMS COUNTY,25
Ohio,ALLEN COUNTY,830
Ohio,ASHLAND COUNTY,123
Ohio,ASHTABULA COUNTY,429
Ohio,ATHENS COUNTY,245
Ohio,AUGLAIZE COUNTY,140
Ohio,BELMONT COUNTY,300
Ohio,BROWN COUNTY,921
Ohio,BUTLER COUNTY,879
Ohio,CHAMPAIGN COUNTY,8
Ohio,CLARK COUNTY,294
Ohio,CLERMONT COUNTY,148
Ohio,CLINTON COUNTY,165
Ohio,COLUMBIANA COUNTY,351
Ohio,COSHOCTON COUNTY,56
Ohio,CRAWFORD COUNTY,75
Ohio,CUYAHOGA COUNTY,8368
Ohio,DARKE COUNTY,104
Ohio,DEFIANCE COUNTY,104
Ohio,DELAWARE COUNTY,212
Ohio,ERIE COUNTY,424
Ohio,FAIRFIELD COUNTY,255
Ohio,FAYETTE COUNTY,25
Ohio,FRANKLIN COUNTY,6376
Ohio,FULTON COUNTY,117
Ohio,GALLIA COUNTY,287
Ohio,GEAUGA COUNTY,281
Ohio,GREENE COUNTY,176
Ohio,GUERNSEY COUNTY,255
Ohio,HAMILTON COUNTY,5287
Ohio,HANCOCK COUNTY,176
Ohio,HARDIN COUNTY,25
Ohio,HARRISON COUNTY,25
Ohio,HENRY COUNTY,31
Ohio,HIGHLAND COUNTY,70
Ohio,HOCKING COUNTY,30
Ohio,HOLMES COUNTY,69
Ohio,HURON COUNTY,139
Ohio,JACKSON COUNTY,24
Ohio,JEFFERSON COUNTY,560
Ohio,KNOX COUNTY,111
Ohio,LAKE COUNTY,561
Ohio,LAWRENCE COUNTY,8
Ohio,LICKING COUNTY,262
Ohio,LOGAN COUNTY,115
Ohio,LORAIN COUNTY,840
Ohio,LUCAS COUNTY,3357
Ohio,MADISON COUNTY,94
Ohio,MAHONING COUNTY,1495
Ohio,MARION COUNTY,270
Ohio,MEDINA COUNTY,241
Ohio,MERCER COUNTY,88
Ohio,MIAMI COUNTY,193
Ohio,MONTGOMERY COUNTY,3458
Ohio,MORROW COUNTY,22
Ohio,MUSKINGUM COUNTY,592
Ohio,OTTAWA COUNTY,25
Ohio,PAULDING COUNTY,25
Ohio,PICKAWAY COUNTY,82
Ohio,PIKE COUNTY,25
Ohio,PORTAGE COUNTY,302
Ohio,RICHLAND COUNTY,431
Ohio,ROSS COUNTY,261
Ohio,SANDUSKY COUNTY,159
Ohio,SCIOTO COUNTY,446
Ohio,SENECA COUNTY,321
Ohio,SHELBY COUNTY,90
Ohio,STARK COUNTY,1740
Ohio,SUMMIT COUNTY,2819
Ohio,TRUMBULL COUNTY,693
Ohio,TUSCARAWAS COUNTY,198
Ohio,UNION COUNTY,97
Ohio,VAN WERT COUNTY,195
Ohio,WARREN COUNTY,378
Ohio,WASHINGTON COUNTY,240
Ohio,WAYNE COUNTY,184
Ohio,WILLIAMS COUNTY,123
Ohio,WOOD COUNTY,196
Ohio,WYANDOT COUNTY,31
Oklahoma,ADAIR COUNTY,67
Oklahoma,ATOKA COUNTY,25
Oklahoma,BEAVER COUNTY,24
Oklahoma,BECKHAM COUNTY,93
Oklahoma,BLAINE COUNTY,42
Oklahoma,BRYAN COUNTY,148
Oklahoma,CADDO COUNTY,42
Oklahoma,CANADIAN COUNTY,123
Oklahoma,CARTER COUNTY,212
Oklahoma,CHEROKEE COUNTY,100
Oklahoma,CHOCTAW COUNTY,64
Oklahoma,CIMARRON COUNTY,25
Oklahoma,CLEVELAND COUNTY,857
Oklahoma,COAL COUNTY,20
Oklahoma,COMANCHE COUNTY,538
Oklahoma,CRAIG COUNTY,51
Oklahoma,CREEK COUNTY,95
Oklahoma,CUSTER COUNTY,81
Oklahoma,DELAWARE COUNTY,58
Oklahoma,DEWEY COUNTY,18
Oklahoma,ELLIS COUNTY,79
Oklahoma,GARFIELD COUNTY,436
Oklahoma,GARVIN COUNTY,90
Oklahoma,GRADY COUNTY,99
Oklahoma,GREER COUNTY,25
Oklahoma,HARMON COUNTY,25
Oklahoma,HARPER COUNTY,25
Oklahoma,HASKELL COUNTY,25
Oklahoma,HUGHES COUNTY,25
Oklahoma,JACKSON COUNTY,49
Oklahoma,JEFFERSON COUNTY,25
Oklahoma,JOHNSTON COUNTY,25
Oklahoma,KAY COUNTY,193
Oklahoma,KINGFISHER COUNTY,25
Oklahoma,KIOWA COUNTY,38
Oklahoma,LATIMER COUNTY,33
Oklahoma,LE FLORE COUNTY,43
Oklahoma,LINCOLN COUNTY,50
Oklahoma,LOGAN COUNTY,25
Oklahoma,LOVE COUNTY,25
Oklahoma,MAJOR COUNTY,25
Oklahoma,MARSHALL COUNTY,25
Oklahoma,MAYES COUNTY,52
Oklahoma,MCCLAIN COUNTY,39
Oklahoma,MCCURTAIN COUNTY,91
Oklahoma,MCINTOSH COUNTY,10
Oklahoma,MURRAY COUNTY,25
Oklahoma,MUSKOGEE COUNTY,429
Oklahoma,NOBLE COUNTY,26
Oklahoma,NOWATA COUNTY,25
Oklahoma,OKFUSKEE COUNTY,25
Oklahoma,OKLAHOMA COUNTY,4624
Oklahoma,OKMULGEE COUNTY,137
Oklahoma,OSAGE COUNTY,40
Oklahoma,OTTAWA COUNTY,167
Oklahoma,PAWNEE COUNTY,14
Oklahoma,PAYNE COUNTY,216
Oklahoma,PITTSBURG COUNTY,185
Oklahoma,PONTOTOC COUNTY,216
Oklahoma,POTTAWATOMIE COUNTY,136
Oklahoma,PUSHMATAHA COUNTY,25
Oklahoma,ROGER MILLS COUNTY,15
Oklahoma,ROGERS COUNTY,81
Oklahoma,SEMINOLE COUNTY,32
Oklahoma,SEQUOYAH COUNTY,26
Oklahoma,STEPHENS COUNTY,138
Oklahoma,TEXAS COUNTY,47
Oklahoma,TILLMAN COUNTY,37
Oklahoma,TULSA COUNTY,3832
Oklahoma,WAGONER COUNTY,100
Oklahoma,WASHINGTON COUNTY,140
Oklahoma,WASHITA COUNTY,14
Oklahoma,WOODS COUNTY,25
Oklahoma,WOODWARD COUNTY,115
Oregon,BAKER COUNTY,65
Oregon,BENTON COUNTY,164
Oregon,CLACKAMAS COUNTY,551
Oregon,CLATSOP COUNTY,289
Oregon,COOS COUNTY,216
Oregon,CROOK COUNTY,25
Oregon,CURRY COUNTY,24
Oregon,DESCHUTES COUNTY,308
Oregon,DOUGLAS COUNTY,141
Oregon,GRANT COUNTY,25
Oregon,HARNEY COUNTY,22
Oregon,HOOD RIVER COUNTY,25
Oregon,JACKSON COUNTY,545
Oregon,JEFFERSON COUNTY,0
Oregon,JOSEPHINE COUNTY,125
Oregon,KLAMATH COUNTY,98
Oregon,LAKE COUNTY,71
Oregon,LANE COUNTY,531
Oregon,LINCOLN COUNTY,50
Oregon,LINN COUNTY,98
Oregon,MALHEUR COUNTY,49
Oregon,MARION COUNTY,496
Oregon,MORROW COUNTY,21
Oregon,MULTNOMAH COUNTY,1978
Oregon,POLK COUNTY,15
Oregon,TILLAMOOK COUNTY,25
Oregon,UMATILLA COUNTY,539
Oregon,UNION COUNTY,25
Oregon,WALLOWA COUNTY,57
Oregon,WASCO COUNTY,49
Oregon,WASHINGTON COUNTY,869
Oregon,YAMHILL COUNTY,128
Pennsylvania,ADAMS COUNTY,76
Pennsylvania,ALLEGHENY COUNTY,7775
Pennsylvania,ARMSTRONG COUNTY,155
Pennsylvania,BEAVER COUNTY,396
Pennsylvania,BEDFORD COUNTY,49
Pennsylvania,BERKS COUNTY,1247
Pennsylvania,BLAIR COUNTY,598
Pennsylvania,BRADFORD COUNTY,365
Pennsylvania,BUCKS COUNTY,1299
Pennsylvania,BUTLER COUNTY,296
Pennsylvania,CAMBRIA COUNTY,594
Pennsylvania,CARBON COUNTY,155
Pennsylvania,CENTRE COUNTY,438
Pennsylvania,CHESTER COUNTY,1286
Pennsylvania,CLARION COUNTY,156
Pennsylvania,CLEARFIELD COUNTY,310
Pennsylvania,CLINTON COUNTY,111
Pennsylvania,COLUMBIA COUNTY,173
Pennsylvania,CRAWFORD COUNTY,289
Pennsylvania,CUMBERLAND COUNTY,658
Pennsylvania,DAUPHIN COUNTY,1189
Pennsylvania,DELAWARE COUNTY,1162
Pennsylvania,ELK COUNTY,80
Pennsylvania,ERIE COUNTY,1223
Pennsylvania,FAYETTE COUNTY,283
Pennsylvania,FRANKLIN COUNTY,416
Pennsylvania,FULTON COUNTY,21
Pennsylvania,GREENE COUNTY,77
Pennsylvania,HUNTINGDON COUNTY,100
Pennsylvania,INDIANA COUNTY,164
Pennsylvania,JEFFERSON COUNTY,84
Pennsylvania,LACKAWANNA COUNTY,1104
Pennsylvania,LANCASTER COUNTY,1191
Pennsylvania,LAWRENCE COUNTY,316
Pennsylvania,LEBANON COUNTY,484
Pennsylvania,LEHIGH COUNTY,1937
Pennsylvania,LUZERNE COUNTY,1247
Pennsylvania,LYCOMING COUNTY,302
Pennsylvania,MCKEAN COUNTY,138
Pennsylvania,MERCER COUNTY,521
Pennsylvania,MIFFLIN COUNTY,123
Pennsylvania,MONROE COUNTY,235
Pennsylvania,MONTGOMERY COUNTY,3580
Pennsylvania,MONTOUR COUNTY,656
Pennsylvania,NORTHAMPTON COUNTY,362
Pennsylvania,NORTHUMBERLAND COUNTY,173
Pennsylvania,PHILADELPHI COUNTY,0
Pennsylvania,PHILADELPHIA COUNTY,8387
Pennsylvania,POTTER COUNTY,59
Pennsylvania,SCHUYLKILL COUNTY,361
Pennsylvania,SOMERSET COUNTY,224
Pennsylvania,SUSQUEHANNA COUNTY,104
Pennsylvania,TIOGA COUNTY,83
Pennsylvania,UNION COUNTY,127
Pennsylvania,VENANGO COUNTY,164
Pennsylvania,WARREN COUNTY,279
Pennsylvania,WASHINGTON COUNTY,602
Pennsylvania,WAYNE COUNTY,202
Pennsylvania,WESTMORELAND COUNTY,1012
Pennsylvania,WYOMING COUNTY,48
Pennsylvania,YORK COUNTY,921
Puerto Rico,AGUADILLA COUNTY,154
Puerto Rico,AIBONITO COUNTY,0
Puerto Rico,ARECIBO COUNTY,326
Puerto Rico,ARROYO COUNTY,38
Puerto Rico,BAYAMON COUNTY,964
Puerto Rico,CABO ROJO COUNTY,43
Puerto Rico,CAGUAS COUNTY,435
Puerto Rico,CAROLINA COUNTY,0
Puerto Rico,CAYEY COUNTY,208
Puerto Rico,CIDRA COUNTY,0
Puerto Rico,CULEBRA COUNTY,0
Puerto Rico,FAJARDO COUNTY,38
Puerto Rico,GUAYAMA COUNTY,201
Puerto Rico,HUMACAO COUNTY,227
Puerto Rico,LARES COUNTY,24
Puerto Rico,MANATI COUNTY,150
Puerto Rico,MAYAGUEZ COUNTY,441
Puerto Rico,MOCA COUNTY,106
Puerto Rico,OROCOVIS COUNTY,0
Puerto Rico,PONCE COUNTY,518
Puerto Rico,SAN GERMAN COUNTY,207
Puerto Rico,SAN JUAN COUNTY,1999
Puerto Rico,UTUADO COUNTY,0
Puerto Rico,VEGA BAJA COUNTY,150
Puerto Rico,VIEQUES COUNTY,0
Puerto Rico,YAUCO COUNTY,105
Rhode Island,KENT COUNTY,359
Rhode Island,NEWPORT COUNTY,129
Rhode Island,PROVIDENCE COUNTY,3272
Rhode Island,WASHINGTON COUNTY,225
South Carolina,ABBEVILLE COUNTY,25
South Carolina,AIKEN COUNTY,245
South Carolina,ALLENDALE COUNTY,25
South Carolina,ANDERSON COUNTY,755
South Carolina,BARNWELL COUNTY,53
South Carolina,BEAUFORT COUNTY,290
South Carolina,CHARLESTON COUNTY,2166
South Carolina,CHEROKEE COUNTY,125
South Carolina,CHESTER COUNTY,82
South Carolina,CHESTERFIELD COUNTY,59
South Carolina,CLARENDON COUNTY,89
South Carolina,COLLETON COUNTY,131
South Carolina,DARLINGTON COUNTY,188
South Carolina,DILLON COUNTY,79
South Carolina,DORCHESTER COUNTY,104
South Carolina,EDGEFIELD COUNTY,25
South Carolina,FAIRFIELD COUNTY,25
South Carolina,FLORENCE COUNTY,1025
South Carolina,GEORGETOWN COUNTY,298
South Carolina,GREENVILLE COUNTY,1760
South Carolina,GREENWOOD COUNTY,400
South Carolina,HAMPTON COUNTY,32
South Carolina,HORRY COUNTY,753
South Carolina,JASPER COUNTY,41
South Carolina,KERSHAW COUNTY,121
South Carolina,LANCASTER COUNTY,253
South Carolina,LAURENS COUNTY,76
South Carolina,LEE COUNTY,20
South Carolina,LEXINGTON COUNTY,556
South Carolina,MARION COUNTY,124
South Carolina,MARLBORO COUNTY,94
South Carolina,NEWBERRY COUNTY,90
South Carolina,OCONEE COUNTY,169
South Carolina,ORANGEBURG COUNTY,301
South Carolina,PICKENS COUNTY,164
South Carolina,RICHLAND COUNTY,2585
South Carolina,SPARTANBURG COUNTY,943
South Carolina,SUMTER COUNTY,283
South Carolina,UNION COUNTY,143
South Carolina,WILLIAMSBURG COUNTY,25
South Carolina,YORK COUNTY,334
South Dakota,BEADLE COUNTY,25
South Dakota,BENNETT COUNTY,14
South Dakota,BON HOMME COUNTY,50
South Dakota,BROOKINGS COUNTY,49
South Dakota,BROWN COUNTY,172
South Dakota,BRULE COUNTY,25
South Dakota,CHARLES MIX COUNTY,37
South Dakota,CLAY COUNTY,25
South Dakota,CODINGTON COUNTY,81
South Dakota,CORSON COUNTY,12
South Dakota,CUSTER COUNTY,11
South Dakota,DAVISON COUNTY,67
South Dakota,DAY COUNTY,25
South Dakota,DEUEL COUNTY,10
South Dakota,DEWEY COUNTY,11
South Dakota,DOUGLAS COUNTY,11
South Dakota,EDMUNDS COUNTY,12
South Dakota,FALL RIVER COUNTY,50
South Dakota,FAULK COUNTY,12
South Dakota,GRANT COUNTY,25
South Dakota,GREGORY COUNTY,41
South Dakota,HAAKON COUNTY,18
South Dakota,HAND COUNTY,11
South Dakota,HUGHES COUNTY,50
South Dakota,HUTCHINSON COUNTY,50
South Dakota,JERAULD COUNTY,16
South Dakota,KINGSBURY COUNTY,6
South Dakota,LAKE COUNTY,47
South Dakota,LAWRENCE COUNTY,66
South Dakota,LINCOLN COUNTY,118
South Dakota,MARSHALL COUNTY,20
South Dakota,MCPHERSON COUNTY,6
South Dakota,MEADE COUNTY,25
South Dakota,MINNEHAHA COUNTY,1174
South Dakota,MOODY COUNTY,18
South Dakota,PENNINGTON COUNTY,509
South Dakota,POTTER COUNTY,36
South Dakota,ROBERTS COUNTY,25
South Dakota,SHANNON COUNTY,45
South Dakota,SPINK COUNTY,25
South Dakota,TODD COUNTY,35
South Dakota,TRIPP COUNTY,25
South Dakota,TURNER COUNTY,12
South Dakota,UNION COUNTY,38
South Dakota,WALWORTH COUNTY,25
South Dakota,YANKTON COUNTY,242
Tennessee,ANDERSON COUNTY,301
Tennessee,BEDFORD COUNTY,237
Tennessee,BENTON COUNTY,25
Tennessee,BLEDSOE COUNTY,25
Tennessee,BLOUNT COUNTY,471
Tennessee,BRADLEY COUNTY,348
Tennessee,CAMPBELL COUNTY,120
Tennessee,CANNON COUNTY,60
Tennessee,CARROLL COUNTY,115
Tennessee,CARTER COUNTY,121
Tennessee,CHEATHAM COUNTY,12
Tennessee,CLAIBORNE COUNTY,85
Tennessee,CLAY COUNTY,34
Tennessee,COCKE COUNTY,74
Tennessee,COFFEE COUNTY,220
Tennessee,CUMBERLAND COUNTY,189
Tennessee,DAVIDSON COUNTY,4489
Tennessee,DECATUR COUNTY,40
Tennessee,DEKALB COUNTY,71
Tennessee,DICKSON COUNTY,157
Tennessee,DYER COUNTY,225
Tennessee,FAYETTE COUNTY,10
Tennessee,FENTRESS COUNTY,85
Tennessee,FRANKLIN COUNTY,174
Tennessee,GIBSON COUNTY,132
Tennessee,GILES COUNTY,95
Tennessee,GREENE COUNTY,240
Tennessee,HAMBLEN COUNTY,278
Tennessee,HAMILTON COUNTY,1889
Tennessee,HANCOCK COUNTY,10
Tennessee,HARDEMAN COUNTY,51
Tennessee,HARDIN COUNTY,58
Tennessee,HAWKINS COUNTY,50
Tennessee,HAYWOOD COUNTY,36
Tennessee,HENDERSON COUNTY,45
Tennessee,HENRY COUNTY,142
Tennessee,HICKMAN COUNTY,25
Tennessee,HOUSTON COUNTY,25
Tennessee,HUMPHREYS COUNTY,25
Tennessee,JACKSON COUNTY,0
Tennessee,JEFFERSON COUNTY,54
Tennessee,JOHNSON COUNTY,0
Tennessee,KNOX COUNTY,2155
Tennessee,LAUDERDALE COUNTY,25
Tennessee,LAWRENCE COUNTY,90
Tennessee,LINCOLN COUNTY,59
Tennessee,LOUDON COUNTY,50
Tennessee,MACON COUNTY,25
Tennessee,MADISON COUNTY,835
Tennessee,MARION COUNTY,68
Tennessee,MARSHALL COUNTY,25
Tennessee,MAURY COUNTY,255
Tennessee,MCMINN COUNTY,262
Tennessee,MCNAIRY COUNTY,45
Tennessee,MONROE COUNTY,59
Tennessee,MONTGOMERY COUNTY,270
Tennessee,OBION COUNTY,137
Tennessee,OVERTON COUNTY,82
Tennessee,PERRY COUNTY,53
Tennessee,POLK COUNTY,25
Tennessee,PUTNAM COUNTY,247
Tennessee,RHEA COUNTY,25
Tennessee,ROANE COUNTY,90
Tennessee,ROBERTSON COUNTY,109
Tennessee,RUTHERFORD COUNTY,488
Tennessee,SCOTT COUNTY,25
Tennessee,SEVIER COUNTY,79
Tennessee,SHELBY COUNTY,5491
Tennessee,SMITH COUNTY,35
Tennessee,SULLIVAN COUNTY,1175
Tennessee,SUMNER COUNTY,441
Tennessee,TIPTON COUNTY,100
Tennessee,TROUSDALE COUNTY,25
Tennessee,UNICOI COUNTY,83
Tennessee,WARREN COUNTY,125
Tennessee,WASHINGTON COUNTY,902
Tennessee,WAYNE COUNTY,78
Tennessee,WEAKLEY COUNTY,140
Tennessee,WHITE COUNTY,60
Tennessee,WILLIAMSON COUNTY,225
Tennessee,WILSON COUNTY,245
Texas,ANDERSON COUNTY,156
Texas,ANDREWS COUNTY,34
Texas,ANGELINA COUNTY,470
Texas,ATASCOSA COUNTY,67
Texas,AUSTIN COUNTY,32
Texas,BAILEY COUNTY,25
Texas,BASTROP COUNTY,8
Texas,BAYLOR COUNTY,49
Texas,BEE COUNTY,69
Texas,BELL COUNTY,1091
Texas,BEXAR COUNTY,8104
Texas,BOSQUE COUNTY,25
Texas,BOWIE COUNTY,841
Texas,BRAZORIA COUNTY,357
Texas,BRAZOS COUNTY,658
Texas,BREWSTER COUNTY,25
Texas,BROWN COUNTY,194
Texas,BURLESON COUNTY,25
Texas,BURNET COUNTY,71
Texas,CALDWELL COUNTY,59
Texas,CALHOUN COUNTY,25
Texas,CAMERON COUNTY,1519
Texas,CAMP COUNTY,25
Texas,CASS COUNTY,68
Texas,CASTRO COUNTY,17
Texas,CHAMBERS COUNTY,39
Texas,CHEROKEE COUNTY,429
Texas,CHILDRESS COUNTY,39
Texas,CLAY COUNTY,25
Texas,COCHRAN COUNTY,18
Texas,COLEMAN COUNTY,25
Texas,COLLIN COUNTY,2623
Texas,COLLINGSWORTH COUNTY,16
Texas,COLORADO COUNTY,103
Texas,COMAL COUNTY,348
Texas,COMANCHE COUNTY,25
Texas,CONCHO COUNTY,16
Texas,COOKE COUNTY,78
Texas,CORYELL COUNTY,25
Texas,CRANE COUNTY,25
Texas,CROSBY COUNTY,25
Texas,CULBERSON COUNTY,14
Texas,DALLAS COUNTY,9417
Texas,DAWSON COUNTY,22
Texas,DEAF SMITH COUNTY,82
Texas,DENTON COUNTY,1516
Texas,DEWITT COUNTY,49
Texas,DIMMIT COUNTY,48
Texas,EASTLAND COUNTY,52
Texas,ECTOR COUNTY,669
Texas,EL PASO COUNTY,2813
Texas,ELLIS COUNTY,233
Texas,ERATH COUNTY,98
Texas,FALLS COUNTY,36
Texas,FANNIN COUNTY,25
Texas,FAYETTE COUNTY,65
Texas,FISHER COUNTY,14
Texas,FLOYD COUNTY,25
Texas,FORT BEND COUNTY,1105
Texas,FRANKLIN COUNTY,49
Texas,FREESTONE COUNTY,37
Texas,FRIO COUNTY,40
Texas,GAINES COUNTY,25
Texas,GALVESTON COUNTY,711
Texas,GILLESPIE COUNTY,86
Texas,GONZALES COUNTY,34
Texas,GRAY COUNTY,115
Texas,GRAYSON COUNTY,602
Texas,GREGG COUNTY,846
Texas,GRIMES COUNTY,25
Texas,GUADALUPE COUNTY,125
Texas,HALE COUNTY,88
Texas,HAMILTON COUNTY,42
Texas,HANSFORD COUNTY,25
Texas,HARDEMAN COUNTY,45
Texas,HARDIN COUNTY,0
Texas,HARRIS COUNTY,17209
Texas,HARRISON COUNTY,149
Texas,HARTLEY COUNTY,21
Texas,HASKELL COUNTY,25
Texas,HAYS COUNTY,354
Texas,HEMPHILL COUNTY,26
Texas,HENDERSON COUNTY,117
Texas,HIDALGO COUNTY,2386
Texas,HILL COUNTY,165
Texas,HOCKLEY COUNTY,48
Texas,HOOD COUNTY,83
Texas,HOPKINS COUNTY,96
Texas,HOUSTON COUNTY,25
Texas,HOWARD COUNTY,350
Texas,HUNT COUNTY,271
Texas,HUTCHINSON COUNTY,50
Texas,JACK COUNTY,58
Texas,JACKSON COUNTY,25
Texas,JASPER COUNTY,59
Texas,JEFFERSON COUNTY,1699
Texas,JIM WELLS COUNTY,159
Texas,JOHNSON COUNTY,137
Texas,JONES COUNTY,95
Texas,KARNES COUNTY,25
Texas,KAUFMAN COUNTY,407
Texas,KERR COUNTY,326
Texas,KIMBLE COUNTY,15
Texas,KLEBERG COUNTY,100
Texas,KNOX COUNTY,28
Texas,LAMAR COUNTY,393
Texas,LAMB COUNTY,75
Texas,LAMPASAS COUNTY,25
Texas,LAVACA COUNTY,50
Texas,LIBERTY COUNTY,136
Texas,LIMESTONE COUNTY,79
Texas,LLANO COUNTY,30
Texas,LUBBOCK COUNTY,1563
Texas,LYNN COUNTY,24
Texas,MADISON COUNTY,25
Texas,MARTIN COUNTY,43
Texas,MATAGORDA COUNTY,75
Texas,MAVERICK COUNTY,101
Texas,MCCULLOCH COUNTY,25
Texas,MCLENNAN COUNTY,861
Texas,MEDINA COUNTY,25
Texas,MIDLAND COUNTY,669
Texas,MILAM COUNTY,35
Texas,MITCHELL COUNTY,25
Texas,MONTAGUE COUNTY,87
Texas,MONTGOMERY COUNTY,1530
Texas,MOORE COUNTY,25
Texas,NACOGDOCHES COUNTY,390
Texas,NAVARRO COUNTY,162
Texas,NOLAN COUNTY,85
Texas,NUECES COUNTY,2224
Texas,OCHILTREE COUNTY,25
Texas,ORANGE COUNTY,94
Texas,PALO PINTO COUNTY,74
Texas,PANOLA COUNTY,49
Texas,PARKER COUNTY,125
Texas,PARMER COUNTY,25
Texas,PECOS COUNTY,41
Texas,POLK COUNTY,66
Texas,POTTER COUNTY,1146
Texas,RANDALL COUNTY,4
Texas,REAGAN COUNTY,21
Texas,RED RIVER COUNTY,49
Texas,REEVES COUNTY,25
Texas,REFUGIO COUNTY,20
Texas,ROCKWALL COUNTY,170
Texas,RUNNELS COUNTY,50
Texas,RUSK COUNTY,96
Texas,SABINE COUNTY,25
Texas,SAN AUGUSTINE COUNTY,18
Texas,SAN PATRICIO COUNTY,75
Texas,SCHLEICHER COUNTY,14
Texas,SCURRY COUNTY,25
Texas,SHELBY COUNTY,0
Texas,SMITH COUNTY,1337
Texas,SOMERVELL COUNTY,16
Texas,STARR COUNTY,48
Texas,STEPHENS COUNTY,40
Texas,STONEWALL COUNTY,20
Texas,SUTTON COUNTY,12
Texas,SWISHER COUNTY,20
Texas,TARRANT COUNTY,6814
Texas,TAYLOR COUNTY,956
Texas,TERRY COUNTY,45
Texas,THROCKMORTON COUNTY,14
Texas,TITUS COUNTY,164
Texas,TOM GREEN COUNTY,614
Texas,TRAVIS COUNTY,3904
Texas,TRINITY COUNTY,45
Texas,TYLER COUNTY,49
Texas,UPSHUR COUNTY,37
Texas,UPTON COUNTY,44
Texas,UVALDE COUNTY,25
Texas,VAL VERDE COUNTY,93
Texas,VAN ZANDT COUNTY,52
Texas,VICTORIA COUNTY,723
Texas,WALKER COUNTY,123
Texas,WARD COUNTY,25
Texas,WASHINGTON COUNTY,60
Texas,WEBB COUNTY,578
Texas,WHARTON COUNTY,210
Texas,WHEELER COUNTY,41
Texas,WICHITA COUNTY,559
Texas,WILBARGER COUNTY,687
Texas,WILLIAMSON COUNTY,1009
Texas,WILSON COUNTY,44
Texas,WINKLER COUNTY,19
Texas,WISE COUNTY,184
Texas,WOOD COUNTY,50
Texas,YOAKUM COUNTY,24
Texas,YOUNG COUNTY,67
Utah,BEAVER COUNTY,72
Utah,BOX ELDER COUNTY,53
Utah,CACHE COUNTY,150
Utah,CARBON COUNTY,49
Utah,DAVIS COUNTY,579
Utah,DUCHESNE COUNTY,124
Utah,GARFIELD COUNTY,41
Utah,GRAND COUNTY,19
Utah,IRON COUNTY,48
Utah,JUAB COUNTY,25
Utah,KANE COUNTY,0
Utah,MILLARD COUNTY,37
Utah,SALT LAKE COUNTY,2932
Utah,SAN JUAN COUNTY,25
Utah,SANPETE COUNTY,43
Utah,SEVIER COUNTY,27
Utah,SUMMIT COUNTY,26
Utah,TOOELE COUNTY,31
Utah,UINTAH COUNTY,39
Utah,UTAH COUNTY,1033
Utah,WASATCH COUNTY,19
Utah,WASHINGTON COUNTY,261
Utah,WEBER COUNTY,477
Vermont,ADDISON COUNTY,25
Vermont,BENNINGTON COUNTY,99
Vermont,CALEDONIA COUNTY,25
Vermont,CHITTENDEN COUNTY,562
Vermont,FRANKLIN COUNTY,70
Vermont,LAMOILLE COUNTY,25
Vermont,ORANGE COUNTY,25
Vermont,ORLEANS COUNTY,25
Vermont,RUTLAND COUNTY,123
Vermont,WASHINGTON COUNTY,200
Vermont,WINDHAM COUNTY,229
Vermont,WINDSOR COUNTY,60
Virgin Islands,NOT AVAILABLE COUNTY,357
Virginia,ALBEMARLE COUNTY,285
Virginia,ALEXANDRIA COUNTY,318
Virginia,ALLEGHANY COUNTY,205
Virginia,ARLINGTON COUNTY,334
Virginia,AUGUSTA COUNTY,255
Virginia,BATH COUNTY,25
Virginia,BEDFORD CITY COUNTY,50
Virginia,BRISTOL COUNTY,53
Virginia,BUCHANAN COUNTY,134
Virginia,CHARLOTTESVILLE COUNTY,614
Virginia,CHESAPEAKE COUNTY,310
Virginia,CHESTERFIELD COUNTY,466
Virginia,CULPEPER COUNTY,70
Virginia,DANVILLE COUNTY,250
Virginia,DICKENSON COUNTY,25
Virginia,DINWIDDIE COUNTY,0
Virginia,EMPORIA COUNTY,80
Virginia,ESSEX COUNTY,67
Virginia,FAIRFAX COUNTY,1708
Virginia,FAUQUIER COUNTY,97
Virginia,FRANKLIN CITY COUNTY,90
Virginia,FRANKLIN COUNTY,37
Virginia,FREDERICKSBURG COUNTY,472
Virginia,GALAX COUNTY,141
Virginia,GILES COUNTY,50
Virginia,GLOUCESTER COUNTY,67
Virginia,HALIFAX COUNTY,192
Virginia,HAMPTON COUNTY,812
Virginia,HANOVER COUNTY,265
Virginia,HARRISONBURG COUNTY,270
Virginia,HENRICO COUNTY,1031
Virginia,HOPEWELL COUNTY,147
Virginia,JAMES CITY COUNTY,357
Virginia,LANCASTER COUNTY,76
Virginia,LEE COUNTY,70
Virginia,LEXINGTON COUNTY,25
Virginia,LOUDOUN COUNTY,462
Virginia,LYNCHBURG COUNTY,738
Virginia,MANASSAS COUNTY,130
Virginia,MARTINSVILLE COUNTY,223
Virginia,MECKLENBURG COUNTY,99
Virginia,MONTGOMERY COUNTY,280
Virginia,NEW KENT COUNTY,110
Virginia,NEWPORT NEWS COUNTY,792
Virginia,NORFOLK COUNTY,1400
Virginia,NORTHAMPTON COUNTY,143
Virginia,NORTON COUNTY,262
Virginia,NOTTOWAY COUNTY,123
Virginia,PAGE COUNTY,25
Virginia,PATRICK COUNTY,25
Virginia,PETERSBURG COUNTY,572
Virginia,PORTSMOUTH COUNTY,346
Virginia,PRINCE EDWARD COUNTY,116
Virginia,PRINCE WILLIAM COUNTY,243
Virginia,PULASKI COUNTY,135
Virginia,RICHMOND CITY COUNTY,1612
Virginia,ROANOKE CITY COUNTY,934
Virginia,ROANOKE COUNTY,110
Virginia,ROCKINGHAM COUNTY,238
Virginia,RUSSELL COUNTY,78
Virginia,SALEM COUNTY,794
Virginia,SHENANDOAH COUNTY,25
Virginia,SMYTH COUNTY,377
Virginia,SPOTSYLVANIA COUNTY,100
Virginia,STAFFORD COUNTY,100
Virginia,STAUNTON COUNTY,0
Virginia,SUFFOLK COUNTY,150
Virginia,TAZEWELL COUNTY,231
Virginia,VIRGINIA BEACH COUNTY,700
Virginia,WARREN COUNTY,60
Virginia,WASHINGTON COUNTY,251
Virginia,WILLIAMSBURG COUNTY,40
Virginia,WINCHESTER COUNTY,411
Virginia,WISE COUNTY,60
Virginia,WYTHE COUNTY,108
Virginia,YORK COUNTY,145
Washington,ADAMS COUNTY,57
Washington,ASOTIN COUNTY,25
Washington,BENTON COUNTY,447
Washington,CHELAN COUNTY,251
Washington,CLALLAM COUNTY,163
Washington,CLARK COUNTY,580
Washington,COLUMBIA COUNTY,25
Washington,COWLITZ COUNTY,202
Washington,FERRY COUNTY,25
Washington,FRANKLIN COUNTY,106
Washington,GARFIELD COUNTY,45
Washington,GRANT COUNTY,186
Washington,GRAYS HARBOR COUNTY,154
Washington,ISLAND COUNTY,76
Washington,JEFFERSON COUNTY,25
Washington,KING COUNTY,5461
Washington,KITSAP COUNTY,381
Washington,KITTITAS COUNTY,25
Washington,KLICKITAT COUNTY,42
Washington,LEWIS COUNTY,125
Washington,LINCOLN COUNTY,85
Washington,MASON COUNTY,25
Washington,OKANOGAN COUNTY,91
Washington,PACIFIC COUNTY,51
Washington,PEND OREILLE COUNTY,74
Washington,PIERCE COUNTY,2538
Washington,SAN JUAN COUNTY,25
Washington,SKAGIT COUNTY,205
Washington,SNOHOMISH COUNTY,786
Washington,SPOKANE COUNTY,1881
Washington,STEVENS COUNTY,90
Washington,THURSTON COUNTY,474
Washington,WALLA WALLA COUNTY,316
Washington,WHATCOM COUNTY,253
Washington,WHITMAN COUNTY,50
Washington,YAKIMA COUNTY,528
West Virginia,BARBOUR COUNTY,72
West Virginia,BERKELEY COUNTY,241
West Virginia,BOONE COUNTY,25
West Virginia,BRAXTON COUNTY,25
West Virginia,BROOKE COUNTY,251
West Virginia,CABELL COUNTY,1051
West Virginia,CALHOUN COUNTY,42
West Virginia,FAYETTE COUNTY,94
West Virginia,GRANT COUNTY,61
West Virginia,GREENBRIER COUNTY,122
West Virginia,HAMPSHIRE COUNTY,44
West Virginia,HARRISON COUNTY,292
West Virginia,JACKSON COUNTY,46
West Virginia,JEFFERSON COUNTY,25
West Virginia,KANAWHA COUNTY,763
West Virginia,LEWIS COUNTY,220
West Virginia,LOGAN COUNTY,140
West Virginia,MARION COUNTY,207
West Virginia,MARSHALL COUNTY,127
West Virginia,MASON COUNTY,201
West Virginia,MCDOWELL COUNTY,124
West Virginia,MERCER COUNTY,419
West Virginia,MINERAL COUNTY,25
West Virginia,MINGO COUNTY,76
West Virginia,MONONGALIA COUNTY,940
West Virginia,MORGAN COUNTY,41
West Virginia,NICHOLAS COUNTY,105
West Virginia,OHIO COUNTY,650
West Virginia,POCAHONTAS COUNTY,25
West Virginia,PRESTON COUNTY,50
West Virginia,PUTNAM COUNTY,70
West Virginia,RALEIGH COUNTY,473
West Virginia,RANDOLPH COUNTY,90
West Virginia,ROANE COUNTY,60
West Virginia,SUMMERS COUNTY,25
West Virginia,TAYLOR COUNTY,101
West Virginia,TYLER COUNTY,12
West Virginia,UPSHUR COUNTY,51
West Virginia,WAYNE COUNTY,0
West Virginia,WEBSTER COUNTY,15
West Virginia,WETZEL COUNTY,58
West Virginia,WOOD COUNTY,313
Wisconsin,ADAMS COUNTY,25
Wisconsin,ASHLAND COUNTY,35
Wisconsin,BARRON COUNTY,90
Wisconsin,BROWN COUNTY,1278
Wisconsin,BURNETT COUNTY,25
Wisconsin,CALUMET COUNTY,25
Wisconsin,CHIPPEWA COUNTY,218
Wisconsin,CLARK COUNTY,49
Wisconsin,COLUMBIA COUNTY,98
Wisconsin,CRAWFORD COUNTY,50
Wisconsin,DANE COUNTY,2073
Wisconsin,DODGE COUNTY,245
Wisconsin,DOOR COUNTY,25
Wisconsin,DOUGLAS COUNTY,25
Wisconsin,DUNN COUNTY,25
Wisconsin,EAU CLAIRE COUNTY,661
Wisconsin,FOND DU LAC COUNTY,214
Wisconsin,GRANT COUNTY,85
Wisconsin,GREEN COUNTY,95
Wisconsin,GREEN LAKE COUNTY,25
Wisconsin,IOWA COUNTY,25
Wisconsin,JACKSON COUNTY,25
Wisconsin,JEFFERSON COUNTY,82
Wisconsin,JUNEAU COUNTY,40
Wisconsin,KENOSHA COUNTY,517
Wisconsin,LA CROSSE COUNTY,656
Wisconsin,LAFAYETTE COUNTY,25
Wisconsin,LANGLADE COUNTY,25
Wisconsin,LINCOLN COUNTY,43
Wisconsin,MANITOWOC COUNTY,236
Wisconsin,MARATHON COUNTY,440
Wisconsin,MARINETTE COUNTY,99
Wisconsin,MILWAUKEE COUNTY,4743
Wisconsin,MONROE COUNTY,50
Wisconsin,OCONTO COUNTY,35
Wisconsin,ONEIDA COUNTY,172
Wisconsin,OUTAGAMIE COUNTY,517
Wisconsin,OZAUKEE COUNTY,326
Wisconsin,PEPIN COUNTY,25
Wisconsin,POLK COUNTY,83
Wisconsin,PORTAGE COUNTY,94
Wisconsin,PRICE COUNTY,25
Wisconsin,RACINE COUNTY,715
Wisconsin,RICHLAND COUNTY,25
Wisconsin,ROCK COUNTY,564
Wisconsin,RUSK COUNTY,25
Wisconsin,SAINT CROIX COUNTY,25
Wisconsin,SAUK COUNTY,197
Wisconsin,SAWYER COUNTY,25
Wisconsin,SHAWANO COUNTY,50
Wisconsin,SHEBOYGAN COUNTY,370
Wisconsin,ST. CROIX COUNTY,100
Wisconsin,TAYLOR COUNTY,149
Wisconsin,TREMPEALEAU COUNTY,43
Wisconsin,VERNON COUNTY,50
Wisconsin,VILAS COUNTY,25
Wisconsin,WALWORTH COUNTY,134
Wisconsin,WASHBURN COUNTY,75
Wisconsin,WASHINGTON COUNTY,141
Wisconsin,WAUKESHA COUNTY,1305
Wisconsin,WAUPACA COUNTY,25
Wisconsin,WAUSHARA COUNTY,25
Wisconsin,WINNEBAGO COUNTY,795
Wisconsin,WOOD COUNTY,619
Wyoming,ALBANY COUNTY,99
Wyoming,BIG HORN COUNTY,25
Wyoming,CAMPBELL COUNTY,90
Wyoming,CARBON COUNTY,25
Wyoming,CONVERSE COUNTY,25
Wyoming,CROOK COUNTY,16
Wyoming,FREMONT COUNTY,248
Wyoming,GOSHEN COUNTY,25
Wyoming,HOT SPRINGS COUNTY,25
Wyoming,JOHNSON COUNTY,25
Wyoming,LARAMIE COUNTY,206
Wyoming,LINCOLN COUNTY,38
Wyoming,NATRONA COUNTY,377
Wyoming,NIOBRARA COUNTY,24
Wyoming,PARK COUNTY,50
Wyoming,PLATTE COUNTY,25
Wyoming,SHERIDAN COUNTY,88
Wyoming,SWEETWATER COUNTY,115
Wyoming,TETON COUNTY,48
Wyoming,UINTA COUNTY,225
Wyoming,WASHAKIE COUNTY,18
Wyoming,WESTON COUNTY,12
